City_ID,City,Country,Date,Lat,Lng,Max Temp,Humidity,Cloudiness,Wind Speed
0,Puerto Ayora,EC,2022-03-07 04:38:59,-0.7393,-90.3518,76.59,84,89,4.41
1,Castro,BR,2022-03-07 04:38:59,-24.7911,-50.0119,63.36,90,30,2.37
2,Cherskiy,RU,2022-03-07 04:39:00,68.75,161.3,-13.34,93,67,4.12
3,Ushuaia,AR,2022-03-07 04:34:23,-54.8,-68.3,38.86,93,75,9.22
4,Lompoc,US,2022-03-07 04:35:52,34.6391,-120.4579,50.56,84,0,17.0
5,West Bay,KY,2022-03-07 04:39:01,19.3667,-81.4167,79.07,87,35,3.0
6,Marawi,PH,2022-03-07 04:39:01,7.9986,124.2928,72.64,88,92,5.55
7,Haldwani,IN,2022-03-07 04:39:01,29.2167,79.5167,77.23,31,100,3.94
8,Kapaa,US,2022-03-07 04:39:02,22.0752,-159.319,75.52,68,0,3.44
9,Raudeberg,NO,2022-03-07 04:39:02,61.9875,5.1352,40.87,83,100,19.98
10,Diffa,NE,2022-03-07 04:39:03,13.3154,12.6113,84.33,9,100,5.88
11,The Valley,AI,2022-03-07 04:39:03,18.217,-63.0578,76.86,74,19,26.71
12,Kodiak,US,2022-03-07 04:39:03,57.79,-152.4072,38.71,70,0,13.8
13,Rikitea,PF,2022-03-07 04:39:04,-23.1203,-134.9692,79.54,78,97,16.78
14,Yulara,AU,2022-03-07 04:39:04,-25.2406,130.9889,91.24,24,8,10.36
15,Vostok,RU,2022-03-07 04:39:05,46.4856,135.8833,22.26,74,60,8.99
16,Kasongo-Lunda,CD,2022-03-07 04:39:05,-6.4667,16.8167,65.43,94,91,0.98
17,Busselton,AU,2022-03-07 04:39:06,-33.65,115.3333,85.05,40,1,7.18
18,Bredasdorp,ZA,2022-03-07 04:38:00,-34.5322,20.0403,70.92,78,99,8.05
19,Maiduguri,NG,2022-03-07 04:39:06,11.8464,13.1603,78.4,18,76,3.2
20,Kangaatsiaq,GL,2022-03-07 04:39:07,68.3065,-53.4641,3.09,91,100,16.4
21,Valdivia,CL,2022-03-07 04:39:07,-39.8142,-73.2459,59.09,99,41,3.18
22,Penzance,GB,2022-03-07 04:39:07,50.1186,-5.5371,43.77,64,100,18.5
23,Punta Arenas,CL,2022-03-07 04:39:08,-53.15,-70.9167,35.71,87,75,4.61
24,Santa Isabel Do Rio Negro,BR,2022-03-07 04:39:08,-0.4139,-65.0192,74.08,92,100,0.25
25,Hobart,AU,2022-03-07 04:39:09,-42.8794,147.3294,74.01,41,20,6.91
26,Freetown,SL,2022-03-07 04:39:09,8.484,-13.2299,75.34,76,27,5.21
27,Leningradskiy,RU,2022-03-07 04:39:09,69.3833,178.4167,-9.94,96,100,7.94
28,Zastron,ZA,2022-03-07 04:39:10,-30.3023,27.084,59.07,67,64,1.43
29,Lokosovo,RU,2022-03-07 04:39:10,61.1333,74.8167,4.01,94,100,11.41
30,Molina,CL,2022-03-07 04:39:11,-35.1167,-71.2833,56.93,67,0,2.3
31,New Norfolk,AU,2022-03-07 04:37:34,-42.7826,147.0587,73.65,33,22,3.0
32,Sampit,ID,2022-03-07 04:39:11,-2.5333,112.95,83.44,79,66,6.06
33,Port Hardy,CA,2022-03-07 04:39:11,50.6996,-127.4199,44.76,100,75,2.3
34,Kondagaon,IN,2022-03-07 04:39:12,19.6,81.6667,89.08,16,0,2.84
35,Boca Do Acre,BR,2022-03-07 04:39:12,-8.7522,-67.3978,72.48,99,100,2.28
36,Portland,US,2022-03-07 04:38:46,45.5234,-122.6762,45.95,85,0,1.01
37,Albany,US,2022-03-07 04:36:00,42.6001,-73.9662,54.18,67,55,5.99
38,Hermanus,ZA,2022-03-07 04:37:29,-34.4187,19.2345,69.91,89,84,7.52
39,Iqaluit,CA,2022-03-07 04:39:13,63.7506,-68.5145,-21.08,92,16,7.94
40,Necochea,AR,2022-03-07 04:38:36,-38.5473,-58.7368,61.03,94,100,17.63
41,Padang,ID,2022-03-07 04:39:14,-0.9492,100.3543,86.05,62,76,6.13
42,Iquique,CL,2022-03-07 04:39:15,-20.2208,-70.1431,68.04,81,100,0.83
43,Ilulissat,GL,2022-03-07 04:39:15,69.2167,-51.1,12.22,79,100,13.8
44,Cayenne,GF,2022-03-07 04:39:15,4.9333,-52.3333,79.09,87,100,3.0
45,Bambous Virieux,MU,2022-03-07 04:39:16,-20.3428,57.7575,82.22,78,75,12.66
46,Georgetown,MY,2022-03-07 04:36:00,5.4112,100.3354,89.53,66,20,8.05
47,Victoria,HK,2022-03-07 04:35:31,22.2855,114.1577,77.09,70,100,15.01
48,Hofn,IS,2022-03-07 04:39:16,64.2539,-15.2082,32.77,64,21,7.49
49,Barrow,US,2022-03-07 04:39:17,71.2906,-156.7887,10.42,72,100,10.36
50,Torbay,CA,2022-03-07 04:35:30,47.6666,-52.7314,25.57,90,100,3.44
51,Olafsvik,IS,2022-03-07 04:38:46,64.8945,-23.7142,36.43,57,99,25.57
52,Luderitz,NA,2022-03-07 04:39:18,-26.6481,15.1594,67.37,83,3,13.33
53,Yellowknife,CA,2022-03-07 04:34:18,62.456,-114.3525,16.41,98,100,11.5
54,Cartagena,CO,2022-03-07 04:39:16,10.3997,-75.5144,78.42,83,0,4.61
55,Lujan,AR,2022-03-07 04:37:29,-34.5703,-59.105,75.02,92,98,4.0
56,Pevek,RU,2022-03-07 04:39:19,69.7008,170.3133,-16.22,94,92,3.31
57,Klaksvik,FO,2022-03-07 04:37:33,62.2266,-6.589,45.52,91,100,33.58
58,Mizdah,LY,2022-03-07 04:39:19,31.4451,12.9801,46.99,88,88,8.88
59,Ossora,RU,2022-03-07 04:39:19,59.2353,163.0719,10.36,88,24,2.26
60,Naze,JP,2022-03-07 04:39:20,28.3667,129.4833,58.12,78,100,11.14
61,Sorland,NO,2022-03-07 04:39:20,67.667,12.6934,37.47,96,100,27.0
62,Bethel,US,2022-03-07 04:39:21,41.3712,-73.414,65.25,78,94,12.21
63,Saskylakh,RU,2022-03-07 04:37:31,71.9167,114.0833,-8.05,97,98,2.86
64,Senneterre,CA,2022-03-07 04:39:21,48.3835,-77.2328,23.22,96,100,6.93
65,Hithadhoo,MV,2022-03-07 04:39:22,-0.6,73.0833,82.38,68,11,6.13
66,Henties Bay,NA,2022-03-07 04:39:22,-22.116,14.2845,60.85,92,17,5.86
67,Sale,MA,2022-03-07 04:39:22,34.0389,-6.8166,50.76,100,40,6.91
68,Verkhoyansk,RU,2022-03-07 04:39:23,67.5447,133.385,-11.79,88,92,2.08
69,Katsuura,JP,2022-03-07 04:39:23,35.1333,140.3,53.71,32,86,7.94
70,Acari,PE,2022-03-07 04:39:23,-15.4311,-74.6158,72.97,84,90,3.09
71,Takoradi,GH,2022-03-07 04:39:24,4.8845,-1.7554,78.4,90,34,3.47
72,Khatanga,RU,2022-03-07 04:39:24,71.9667,102.5,-13.99,96,95,2.42
73,Sagua La Grande,CU,2022-03-07 04:39:25,22.8067,-80.0756,74.39,81,29,14.52
74,Vao,NC,2022-03-07 04:39:25,-22.6667,167.4833,79.68,79,46,10.67
75,Nikolskoye,RU,2022-03-07 04:39:25,59.7035,30.7861,28.4,94,98,7.92
76,Laguna,US,2022-03-07 04:39:26,38.421,-121.4238,54.1,56,0,0.0
77,Makakilo City,US,2022-03-07 04:39:26,21.3469,-158.0858,77.32,63,0,9.22
78,Lavrentiya,RU,2022-03-07 04:39:27,65.5833,-171.0,15.12,96,100,8.75
79,Talnakh,RU,2022-03-07 04:39:27,69.4865,88.3972,-20.79,91,31,1.79
80,Mayumba,GA,2022-03-07 04:39:27,-3.432,10.6554,79.02,88,100,3.6
81,Butaritari,KI,2022-03-07 04:39:28,3.0707,172.7902,81.68,79,30,16.58
82,Eyl,SO,2022-03-07 04:39:28,7.9803,49.8164,77.88,62,15,14.76
83,Bluff,NZ,2022-03-07 04:39:29,-46.6,168.3333,54.81,64,41,13.58
84,Ketchikan,US,2022-03-07 04:39:29,55.3422,-131.6461,44.58,100,100,0.0
85,Prince Rupert,CA,2022-03-07 04:39:30,54.3161,-130.3201,40.69,93,100,3.44
86,Yei,SS,2022-03-07 04:39:30,4.095,30.6779,77.56,41,72,2.91
87,Madimba,TZ,2022-03-07 04:39:30,-10.4,40.3333,79.09,82,72,4.7
88,Oyek,RU,2022-03-07 04:39:31,52.5861,104.4556,39.38,94,91,2.75
89,Avarua,CK,2022-03-07 04:39:31,-21.2078,-159.775,82.45,83,40,12.66
90,Blagoveshchenka,RU,2022-03-07 04:39:32,52.8333,79.8667,34.32,83,100,21.5
91,Aswan,EG,2022-03-07 04:39:32,24.0934,32.907,69.1,19,60,14.97
92,Jinchang,CN,2022-03-07 04:39:32,38.4953,102.1739,51.19,18,7,5.44
93,Saint-Georges,GD,2022-03-07 04:38:30,12.0564,-61.7485,78.48,78,20,17.27
94,Ribeira Grande,PT,2022-03-07 04:37:28,38.5167,-28.7,56.37,57,47,29.48
95,Kahului,US,2022-03-07 04:39:33,20.8947,-156.47,78.06,69,20,9.22
96,Malkangiri,IN,2022-03-07 04:39:34,18.35,81.9,91.0,24,0,2.89
97,Marondera,ZW,2022-03-07 04:39:34,-18.1853,31.5519,60.37,89,77,7.47
98,Saldanha,ZA,2022-03-07 04:39:34,-33.0117,17.9442,66.25,93,0,13.29
99,Fortuna,US,2022-03-07 04:39:35,40.5982,-124.1573,46.92,88,100,0.0
100,Atuona,PF,2022-03-07 04:39:35,-9.8,-139.0333,78.62,80,38,13.02
101,Tuktoyaktuk,CA,2022-03-07 04:39:36,69.4541,-133.0374,10.4,85,100,35.68
102,Yekepa,LR,2022-03-07 04:39:36,7.5753,-8.5419,70.79,94,74,0.6
103,Salalah,OM,2022-03-07 04:37:23,17.0151,54.0924,73.49,73,20,2.3
104,East London,ZA,2022-03-07 04:39:37,-33.0153,27.9116,72.54,83,20,6.91
105,Vardo,NO,2022-03-07 04:39:37,70.3705,31.1107,12.4,60,0,17.36
106,Windhoek,NA,2022-03-07 04:39:37,-22.5594,17.0832,59.49,89,20,5.75
107,Severo-Kurilsk,RU,2022-03-07 04:39:38,50.6789,156.125,29.86,94,100,32.97
108,Mataura,NZ,2022-03-07 04:39:38,-46.1927,168.8643,54.48,73,87,6.49
109,Cape Town,ZA,2022-03-07 04:39:39,-33.9258,18.4232,70.12,89,75,17.27
110,Alofi,NU,2022-03-07 04:39:39,-19.0595,-169.9187,84.09,79,75,8.05
111,Saint George,US,2022-03-07 04:39:40,37.1041,-113.5841,46.63,57,75,7.0
112,Shimanovsk,RU,2022-03-07 04:39:40,52.0,127.7,26.2,70,86,3.51
113,Jamestown,US,2022-03-07 04:37:17,42.097,-79.2353,39.29,61,0,3.44
114,Margate,GB,2022-03-07 04:39:41,51.3813,1.3862,41.92,65,76,3.0
115,Beringovskiy,RU,2022-03-07 04:39:41,63.05,179.3167,32.45,98,100,25.19
116,Port Alfred,ZA,2022-03-07 04:39:41,-33.5906,26.891,78.13,59,98,6.2
117,Natal,BR,2022-03-07 04:39:42,-5.795,-35.2094,75.42,94,20,4.61
118,Carnarvon,AU,2022-03-07 04:39:42,-24.8667,113.6333,102.27,16,0,8.05
119,Camacha,PT,2022-03-07 04:39:43,33.0833,-16.3333,56.16,67,40,5.75
120,Sao Filipe,CV,2022-03-07 04:39:43,14.8961,-24.4956,70.3,70,90,10.45
121,Walvis Bay,NA,2022-03-07 04:39:44,-22.9575,14.5053,61.09,88,42,6.91
122,Bengkulu,ID,2022-03-07 04:39:44,-3.8004,102.2655,85.23,65,98,8.12
123,Chengde,CN,2022-03-07 04:39:45,40.9725,117.9361,47.59,21,0,8.43
124,Thompson,CA,2022-03-07 04:39:45,55.7435,-97.8558,1.56,85,0,0.0
125,Kurayoshi,JP,2022-03-07 04:39:46,35.4333,133.8167,46.31,55,100,6.2
126,Weligama,LK,2022-03-07 04:39:46,5.9667,80.4167,85.17,64,97,3.85
127,Mehamn,NO,2022-03-07 04:39:46,71.0357,27.8492,23.18,67,0,20.71
128,Kharp,RU,2022-03-07 04:39:47,66.8014,65.8081,-14.94,96,72,2.13
129,Port Elizabeth,ZA,2022-03-07 04:39:47,-33.918,25.5701,71.89,78,0,3.44
130,Rybinsk,RU,2022-03-07 04:39:48,58.0446,38.8426,23.86,96,99,5.5
131,Tasiilaq,GL,2022-03-07 04:38:43,65.6145,-37.6368,26.76,92,83,3.67
132,Flin Flon,CA,2022-03-07 04:39:48,54.7682,-101.865,7.95,98,40,4.59
133,Fairbanks,US,2022-03-07 04:37:34,64.8378,-147.7164,25.14,74,0,4.61
134,Rongcheng,CN,2022-03-07 04:39:49,30.634,117.8517,58.35,55,49,1.99
135,Dongsheng,CN,2022-03-07 04:39:49,39.8161,109.9776,42.28,19,62,12.28
136,Mahebourg,MU,2022-03-07 04:39:50,-20.4081,57.7,82.26,78,75,12.66
137,Medina Del Campo,ES,2022-03-07 04:39:50,41.3124,-4.9141,35.71,85,62,3.33
138,Palmer,US,2022-03-07 04:38:51,42.1584,-72.3287,63.01,77,75,12.66
139,Qaanaaq,GL,2022-03-07 04:39:51,77.484,-69.3632,3.79,63,43,5.64
140,Talaya,RU,2022-03-07 04:39:51,61.3833,152.75,-9.53,91,98,2.73
141,Tutoia,BR,2022-03-07 04:39:52,-2.7619,-42.2744,74.95,94,100,5.44
142,Malokaterynivka,UA,2022-03-07 04:39:52,47.6525,35.2539,29.97,73,7,2.37
143,Touros,BR,2022-03-07 04:39:53,-5.1989,-35.4608,74.3,84,95,10.6
144,Nisia Floresta,BR,2022-03-07 04:39:53,-6.0911,-35.2086,75.58,83,88,6.55
145,Houma,US,2022-03-07 04:39:53,29.5958,-90.7195,73.99,93,100,16.11
146,Niamtougou,TG,2022-03-07 04:39:54,9.7681,1.1053,77.9,59,32,3.83
147,Port Lincoln,AU,2022-03-07 04:39:54,-34.7333,135.8667,65.59,66,92,19.95
148,Upernavik,GL,2022-03-07 04:39:55,72.7868,-56.1549,6.04,96,100,5.08
149,Chokurdakh,RU,2022-03-07 04:39:55,70.6333,147.9167,-13.86,95,77,7.16
150,Unity,CA,2022-03-07 04:39:55,52.4501,-109.1682,9.25,98,65,6.96
151,Dikson,RU,2022-03-07 04:39:56,73.5069,80.5464,-14.19,100,99,7.29
152,Kirakira,SB,2022-03-07 04:39:56,-10.4544,161.9205,84.96,68,68,4.56
153,Saint-Philippe,RE,2022-03-07 04:39:56,-21.3585,55.7679,81.99,85,100,14.9
154,Bitung,ID,2022-03-07 04:39:57,1.4451,125.1824,86.85,67,100,4.74
155,Tosya,TR,2022-03-07 04:39:57,41.0155,34.0401,32.47,88,12,3.29
156,Gao,ML,2022-03-07 04:39:58,16.6362,1.637,73.36,10,84,9.75
157,Kismayo,SO,2022-03-07 04:39:58,-0.3582,42.5454,79.38,71,62,14.76
158,Diego De Almagro,CL,2022-03-07 04:39:58,-26.3667,-70.05,65.35,59,0,2.06
159,Portel,BR,2022-03-07 04:39:59,-1.9356,-50.8211,71.82,98,100,3.42
160,Ewa Beach,US,2022-03-07 04:39:30,21.3156,-158.0072,78.75,63,0,9.22
161,Yarim,YE,2022-03-07 04:40:00,14.298,44.3779,57.87,8,100,3.18
162,Komsomolskiy,UZ,2022-03-07 04:40:00,40.4272,71.7189,54.32,50,98,6.91
163,Port-Gentil,GA,2022-03-07 04:40:00,-0.7193,8.7815,81.73,75,100,3.67
164,Fort-Shevchenko,KZ,2022-03-07 04:40:01,44.5086,50.263,32.49,60,6,11.14
165,Chalus,IR,2022-03-07 04:40:01,36.655,51.4204,47.66,87,100,9.22
166,Kolochava,UA,2022-03-07 04:40:02,48.4285,23.6959,20.25,93,90,4.43
167,Wichita Falls,US,2022-03-07 04:40:02,33.9137,-98.4934,35.74,84,100,18.41
168,Ponta Do Sol,PT,2022-03-07 04:38:38,32.6667,-17.1,60.71,72,48,2.46
169,Esperance,AU,2022-03-07 04:40:03,-33.8667,121.9,75.04,62,63,15.93
170,Raul Soares,BR,2022-03-07 04:40:04,-20.1022,-42.4519,67.42,92,50,1.72
171,Isangel,VU,2022-03-07 04:40:04,-19.55,169.2667,83.55,69,12,1.95
172,Hilo,US,2022-03-07 04:35:46,19.7297,-155.09,74.93,75,100,1.01
173,Chanika,TZ,2022-03-07 04:40:05,-5.4167,38.0167,70.86,82,98,1.81
174,Isabela,PH,2022-03-07 04:40:05,6.7085,121.9711,84.25,76,96,12.39
175,Caravelas,BR,2022-03-07 04:40:06,-17.7125,-39.2481,75.67,82,99,3.78
176,Sinnamary,GF,2022-03-07 04:40:06,5.3833,-52.95,74.62,91,100,6.29
177,Samana,DO,2022-03-07 04:40:07,19.2056,-69.3369,73.18,85,32,12.97
178,Mirabad,AF,2022-03-07 04:40:07,30.4362,61.8383,72.19,23,83,3.51
179,Key West,US,2022-03-07 04:35:24,24.5557,-81.7826,80.6,82,100,18.41
180,Arraial Do Cabo,BR,2022-03-07 04:38:39,-22.9661,-42.0278,76.41,89,2,22.66
181,Yuanping,CN,2022-03-07 04:40:08,38.7153,112.7575,50.14,21,3,1.81
182,Chuy,UY,2022-03-07 04:39:53,-33.6971,-53.4616,70.97,94,98,8.75
183,Clyde River,CA,2022-03-07 04:40:07,70.4692,-68.5914,-7.37,84,0,5.75
184,Lebu,CL,2022-03-07 04:40:09,-37.6167,-73.65,55.54,91,31,2.93
185,Cabedelo,BR,2022-03-07 04:40:10,-6.9811,-34.8339,75.87,66,91,12.41
186,Souillac,MU,2022-03-07 04:40:10,-20.5167,57.5167,82.36,78,75,12.66
187,Sainte-Thecle,CA,2022-03-07 04:40:10,46.8168,-72.4991,35.64,99,100,11.48
188,Koslan,RU,2022-03-07 04:40:11,63.4564,48.8989,-10.25,94,20,4.97
189,Broken Hill,AU,2022-03-07 04:40:11,-31.95,141.4333,82.11,39,55,14.97
190,Ballina,AU,2022-03-07 04:40:11,-28.8667,153.5667,82.78,82,68,13.8
191,Aksu,CN,2022-03-07 04:39:14,41.1231,80.2644,53.29,24,100,2.51
192,Mar Del Plata,AR,2022-03-07 04:37:30,-38.0023,-57.5575,68.09,94,75,11.99
193,Cidreira,BR,2022-03-07 04:40:12,-30.1811,-50.2056,74.03,89,100,5.73
194,Saint-Pierre,RE,2022-03-07 04:40:13,-21.3393,55.4781,82.08,69,0,4.61
195,Shenjiamen,CN,2022-03-07 04:37:32,29.9576,122.298,45.61,72,100,14.45
196,Kruisfontein,ZA,2022-03-07 04:40:13,-34.0033,24.7314,68.88,74,91,11.72
197,Kavaratti,IN,2022-03-07 04:40:14,10.5669,72.642,82.38,68,97,7.96
198,Nhulunbuy,AU,2022-03-07 04:40:14,-12.2333,136.7667,92.01,55,99,10.36
199,Sibu,MY,2022-03-07 04:37:53,2.3,111.8167,80.91,83,40,3.44
200,Airai,TL,2022-03-07 04:40:15,-8.9266,125.4092,74.97,59,100,1.36
201,Norman Wells,CA,2022-03-07 04:40:15,65.282,-126.8329,23.04,74,75,20.71
202,Longyearbyen,SJ,2022-03-07 04:40:16,78.2186,15.6401,31.84,64,75,18.41
203,Faanui,PF,2022-03-07 04:37:24,-16.4833,-151.75,81.68,73,85,13.71
204,Paracuru,BR,2022-03-07 04:40:16,-3.41,-39.0306,75.11,92,99,8.37
205,Kalmunai,LK,2022-03-07 04:40:17,7.4167,81.8167,82.85,70,35,4.97
206,Krasnyy Yar,RU,2022-03-07 04:40:17,46.5331,48.3456,26.53,70,6,9.51
207,Lundazi,ZM,2022-03-07 04:40:17,-12.2929,33.1782,65.53,96,100,2.51
208,Nanortalik,GL,2022-03-07 04:40:18,60.1432,-45.2371,19.89,93,100,11.1
209,Karera,IN,2022-03-07 04:40:18,25.4667,78.15,80.89,19,98,7.92
210,Emba,KZ,2022-03-07 04:40:19,48.8264,58.1442,8.46,93,74,10.11
211,Burnie,AU,2022-03-07 04:40:19,-41.0667,145.9167,67.91,56,61,6.33
212,San Patricio,US,2022-03-07 04:40:19,28.017,-97.5169,73.27,94,23,15.64
213,Umm Kaddadah,SD,2022-03-07 04:40:20,13.6017,26.6876,72.52,13,30,12.44
214,Lata,PT,2022-03-07 04:40:20,40.1629,-8.3327,38.05,70,0,3.98
215,Bomet,KE,2022-03-07 04:40:20,-0.7813,35.3416,62.8,52,5,2.77
216,Caorle,IT,2022-03-07 04:40:21,45.5966,12.8758,39.16,78,23,11.36
217,Uribia,CO,2022-03-07 04:40:21,11.7139,-72.266,76.84,76,0,12.77
218,Chabahar,IR,2022-03-07 04:40:22,25.2919,60.643,74.97,70,100,2.82
219,Cabo San Lucas,MX,2022-03-07 04:37:22,22.8909,-109.9124,68.5,65,0,6.02
220,Vallenar,CL,2022-03-07 04:40:22,-28.5708,-70.7581,69.69,57,0,2.04
221,Hambantota,LK,2022-03-07 04:40:23,6.1241,81.1185,86.34,79,20,8.05
222,Dicabisagan,PH,2022-03-07 04:40:23,17.0818,122.4157,81.93,62,95,4.99
223,Sonqor,IR,2022-03-07 04:40:23,34.7837,47.6004,40.01,98,100,5.59
224,Teguise,ES,2022-03-07 04:40:24,29.0605,-13.564,53.82,72,0,5.75
225,Constitucion,CL,2022-03-07 04:40:24,-35.3333,-72.4167,55.89,93,4,4.83
226,Namibe,AO,2022-03-07 04:40:25,-15.1961,12.1522,69.06,74,74,4.07
227,Nerchinskiy Zavod,RU,2022-03-07 04:40:25,51.3088,119.61,16.47,89,100,5.93
228,Cambridge,CA,2022-03-07 04:40:25,43.3601,-80.3127,37.81,80,83,11.5
229,Gizo,SB,2022-03-07 04:40:26,-8.103,156.8419,85.05,69,90,3.04
230,Bonavista,CA,2022-03-07 04:40:26,48.6499,-53.1147,26.11,73,100,8.84
231,Do Gonbadan,IR,2022-03-07 04:40:26,30.3586,50.7981,57.29,62,100,13.8
232,Vaini,TO,2022-03-07 04:40:27,-21.2,-175.2,86.16,79,75,9.22
233,Lebanon,US,2022-03-07 04:39:04,36.2081,-86.2911,72.12,68,100,15.43
234,Buraydah,SA,2022-03-07 04:40:27,26.326,43.975,66.65,18,84,12.97
235,Pauri,IN,2022-03-07 04:40:28,30.15,78.7833,67.46,28,100,2.89
236,Bendigo,AU,2022-03-07 04:38:00,-36.7667,144.2833,80.64,47,16,5.01
237,Provideniya,RU,2022-03-07 04:40:29,64.3833,-173.3,19.18,96,100,10.27
238,Ushtobe,KZ,2022-03-07 04:40:29,45.2514,77.9838,44.8,76,100,2.19
239,Riohacha,CO,2022-03-07 04:40:30,11.5444,-72.9072,75.34,80,1,9.93
240,Huaicheng,CN,2022-03-07 04:40:30,23.9051,112.1931,73.24,38,20,6.96
241,Kloulklubed,PW,2022-03-07 04:40:30,7.0419,134.2556,81.1,79,99,16.28
242,Autun,FR,2022-03-07 04:40:31,46.95,4.3,30.24,79,28,3.51
243,Half Moon Bay,US,2022-03-07 04:40:31,37.4636,-122.4286,50.79,81,100,11.5
244,Martapura,ID,2022-03-07 04:40:32,-3.4167,114.85,80.69,89,75,5.75
245,Sovetskaya Gavan,RU,2022-03-07 04:40:32,48.9723,140.2878,24.85,84,76,4.47
246,Nosy Varika,MG,2022-03-07 04:40:32,-20.5833,48.5333,76.35,86,39,6.71
247,Lazaro Cardenas,MX,2022-03-07 04:39:44,17.9583,-102.2,72.55,79,2,4.12
248,Luau,AO,2022-03-07 04:40:33,-10.7073,22.2247,64.2,95,100,2.1
249,Lubango,AO,2022-03-07 04:40:33,-14.9172,13.4925,58.5,73,66,0.96
250,Vila Velha,BR,2022-03-07 04:40:34,-20.3297,-40.2925,75.15,94,40,2.3
251,Sitka,US,2022-03-07 04:40:34,57.0531,-135.33,39.09,87,40,0.0
252,Geraldton,AU,2022-03-07 04:40:35,-28.7667,114.6,97.21,19,84,18.41
253,Svetlyy,RU,2022-03-07 04:40:35,54.675,20.1347,35.96,90,10,10.89
254,Codrington,AU,2022-03-07 04:40:35,-38.2667,141.9667,65.7,75,63,16.93
255,Praya,CV,2022-03-07 04:37:00,14.9215,-23.5087,68.54,68,40,17.27
256,Kharabali,RU,2022-03-07 04:40:36,47.4196,47.2568,28.26,74,7,11.07
257,Mushie,CD,2022-03-07 04:40:36,-3.0167,16.9,71.74,95,100,2.04
258,Pangnirtung,CA,2022-03-07 04:40:37,66.1451,-65.7125,-17.41,96,98,3.38
259,Savannah Bight,HN,2022-03-07 04:40:37,16.45,-85.85,79.07,80,5,18.14
260,Jacqueville,CI,2022-03-07 04:40:38,5.2052,-4.4146,78.71,90,40,5.21
261,Cantaura,VE,2022-03-07 04:40:38,9.3057,-64.3584,76.05,67,99,10.89
262,Mandalgovi,MN,2022-03-07 04:40:38,45.7625,106.2708,42.8,18,67,21.88
263,Pochutla,MX,2022-03-07 04:40:39,15.7432,-96.4661,77.85,68,0,4.21
264,Urumqi,CN,2022-03-07 04:36:03,43.801,87.6005,34.75,75,95,2.24
265,Ormara,PK,2022-03-07 04:40:39,25.2088,64.6357,74.95,69,57,7.14
266,Hailar,CN,2022-03-07 04:40:40,49.2,119.7,21.13,83,21,11.34
267,Cururupu,BR,2022-03-07 04:40:40,-1.8283,-44.8683,72.52,99,100,2.39
268,Gatesville,US,2022-03-07 04:40:21,31.4352,-97.7439,56.08,76,75,20.71
269,Les Cayes,HT,2022-03-07 04:40:41,18.2,-73.75,74.73,80,6,2.59
270,Itaituba,BR,2022-03-07 04:40:41,-4.2761,-55.9836,72.99,99,100,1.88
271,Zeya,RU,2022-03-07 04:40:42,53.75,127.2667,23.11,61,100,3.71
272,Ouidah,BJ,2022-03-07 04:40:42,6.3631,2.0851,82.26,82,53,10.29
273,Khorinsk,RU,2022-03-07 04:40:43,52.1657,109.7726,32.0,72,100,5.19
274,Gigmoto,PH,2022-03-07 04:40:43,13.7796,124.39,77.67,92,100,5.86
275,Arman,RU,2022-03-07 04:40:43,59.7,150.1667,17.02,69,17,4.76
276,Rio Gallegos,AR,2022-03-07 04:40:44,-51.6226,-69.2181,39.25,75,0,4.61
277,Kaitangata,NZ,2022-03-07 04:40:44,-46.2817,169.8464,54.21,73,96,12.97
278,Ancud,CL,2022-03-07 04:40:45,-41.8697,-73.8203,56.23,91,59,13.71
279,Igarka,RU,2022-03-07 04:40:45,67.4667,86.5833,-12.64,93,14,8.14
280,San Juan,AR,2022-03-07 04:39:52,-31.5375,-68.5364,75.96,52,0,12.75
281,Hervey Bay,AU,2022-03-07 04:40:45,-25.2986,152.8535,85.03,77,71,15.32
282,Yondo,CO,2022-03-07 04:40:46,7.0062,-73.9097,72.3,99,99,2.13
283,Alekseyevsk,RU,2022-03-07 04:40:46,57.8406,108.3492,22.77,91,100,3.36
284,Ucluelet,CA,2022-03-07 04:40:47,48.9329,-125.5528,44.1,90,84,3.4
285,Paris,FR,2022-03-07 04:40:47,48.8534,2.3488,34.14,75,0,11.5
286,Socol,RO,2022-03-07 04:40:48,44.8608,21.3703,32.18,83,96,2.53
287,Moengo,SR,2022-03-07 04:40:48,5.6167,-54.4,71.49,99,100,1.72
288,Vrede,ZA,2022-03-07 04:40:48,-27.4257,29.1659,55.9,94,26,2.08
289,Talara,PE,2022-03-07 04:40:49,-4.5772,-81.2719,75.06,78,98,4.03
290,Saint Anthony,US,2022-03-07 04:40:49,45.0205,-93.218,25.75,81,0,13.8
291,Hastings,GB,2022-03-07 04:40:49,50.8552,0.5729,40.77,73,26,14.79
292,Hasaki,JP,2022-03-07 04:39:56,35.7333,140.8333,52.2,32,13,1.59
293,Orange Cove,US,2022-03-07 04:40:50,36.6244,-119.3137,52.57,71,15,5.41
294,Salamanca,ES,2022-03-07 04:40:51,40.8333,-6.0,33.75,89,80,5.12
295,Leon,MX,2022-03-07 04:37:03,21.1167,-101.6667,62.65,24,1,1.3
296,Baykit,RU,2022-03-07 04:40:51,61.67,96.37,6.06,91,100,6.91
297,Te Anau,NZ,2022-03-07 04:36:22,-45.4167,167.7167,50.97,95,100,0.94
298,Ignacio Zaragoza,MX,2022-03-07 04:40:52,28.3833,-107.2167,36.37,21,0,2.48
299,Montepuez,MZ,2022-03-07 04:40:52,-13.1256,38.9997,71.55,94,63,1.68
300,Washington,US,2022-03-07 04:40:39,47.5001,-120.5015,41.4,55,39,4.47
301,Pierre,US,2022-03-07 04:40:53,44.3683,-100.351,20.32,75,20,12.66
302,Grand Gaube,MU,2022-03-07 04:40:53,-20.0064,57.6608,82.38,75,100,11.01
303,Tautira,PF,2022-03-07 04:40:54,-17.7333,-149.15,84.0,75,59,14.85
304,Qingyuan,CN,2022-03-07 04:40:54,23.7,113.0333,71.58,45,44,15.66
305,Ulagan,RU,2022-03-07 04:40:54,50.6321,87.9563,36.68,80,76,1.74
306,Comodoro Rivadavia,AR,2022-03-07 04:40:55,-45.8667,-67.5,51.66,62,0,5.75
307,Bundaberg,AU,2022-03-07 04:38:54,-24.85,152.35,85.21,77,100,13.8
308,Caraquet,CA,2022-03-07 04:40:55,47.7941,-64.9386,27.18,95,100,8.81
309,Inongo,CD,2022-03-07 04:40:56,-1.95,18.2667,73.04,96,100,7.63
310,Ngunguru,NZ,2022-03-07 04:40:56,-35.6167,174.5,73.17,76,97,12.1
311,Champerico,GT,2022-03-07 04:40:57,14.3,-91.9167,82.35,70,5,9.98
312,Piney Green,US,2022-03-07 04:40:57,34.716,-77.3202,68.27,89,0,9.22
313,Olinda,BR,2022-03-07 04:40:57,-8.0089,-34.8553,82.13,69,40,5.75
314,Porto Novo,BJ,2022-03-07 04:40:08,6.4965,2.6036,82.22,83,46,6.24
315,Tiznit,MA,2022-03-07 04:40:58,29.5833,-9.5,47.35,82,45,9.4
316,Port Hedland,AU,2022-03-07 04:40:58,-20.3167,118.5667,102.25,24,2,11.5
317,Winnemucca,US,2022-03-07 04:39:44,40.973,-117.7357,37.45,52,100,13.8
318,Panguna,PG,2022-03-07 04:40:59,-6.3164,155.4848,77.09,76,52,1.52
319,The Pas,CA,2022-03-07 04:40:59,53.8251,-101.2541,23.02,68,100,8.05
320,Puquio,PE,2022-03-07 04:41:00,-14.7,-74.1333,52.0,98,100,6.13
321,Kotaparh,IN,2022-03-07 04:41:00,19.15,82.35,85.53,20,0,6.33
322,Linxia,CN,2022-03-07 04:41:00,35.6003,103.2064,56.61,12,0,1.36
323,Nuqui,CO,2022-03-07 04:41:01,5.7125,-77.2708,75.04,89,62,3.2
324,Micheweni,TZ,2022-03-07 04:41:01,-4.9667,39.8333,81.41,73,87,5.28
325,Atambua,ID,2022-03-07 04:41:01,-9.1061,124.8925,83.35,68,98,3.53
326,Kununurra,AU,2022-03-07 04:36:14,-15.7667,128.7333,96.78,46,77,4.61
327,Gornopravdinsk,RU,2022-03-07 04:41:02,60.05,69.9,-0.67,95,100,10.42
328,Wattegama,LK,2022-03-07 04:41:03,6.7989,81.4808,85.12,56,81,5.06
329,Suure-Jaani,EE,2022-03-07 04:41:03,58.5361,25.4706,31.23,90,95,8.01
330,Challapata,BO,2022-03-07 04:41:03,-18.9,-66.7667,53.42,61,99,2.04
331,Soe,ID,2022-03-07 04:41:04,-9.8607,124.284,79.27,69,100,3.98
332,Richards Bay,ZA,2022-03-07 04:41:04,-28.783,32.0377,75.38,80,53,7.38
333,Novikovo,RU,2022-03-07 04:41:05,51.1537,37.8879,11.52,95,20,5.39
334,Kupang,ID,2022-03-07 04:41:05,-10.1667,123.5833,85.42,73,81,4.92
335,Kandrian,PG,2022-03-07 04:41:06,-6.2167,149.55,86.32,67,60,7.2
336,Fereydunshahr,IR,2022-03-07 04:41:06,32.941,50.121,30.61,97,100,4.5
337,Vyshneve,UA,2022-03-07 04:41:06,50.3891,30.3705,28.09,80,52,6.11
338,Kaili,ID,2022-03-07 04:41:07,-3.4626,120.2147,71.37,92,100,1.34
339,Guider,CM,2022-03-07 04:41:07,9.9342,13.9486,85.19,16,97,2.53
340,Rondonopolis,BR,2022-03-07 04:41:05,-16.4708,-54.6356,70.88,96,84,2.82
341,Bandarbeyla,SO,2022-03-07 04:41:08,9.4942,50.8122,77.92,61,70,12.41
342,Soyo,AO,2022-03-07 04:41:08,-6.1349,12.3689,80.04,88,100,8.05
343,Ust-Kuyga,RU,2022-03-07 04:41:08,70.0167,135.6,-12.17,95,97,1.95
344,Smithers,CA,2022-03-07 04:41:09,54.7804,-127.1743,48.52,40,40,12.66
345,Russell,US,2022-03-07 04:41:09,32.3502,-85.1999,71.31,70,75,6.91
346,Nome,US,2022-03-07 04:41:10,64.5011,-165.4064,19.47,86,100,10.36
347,Jalu,LY,2022-03-07 04:41:10,29.0331,21.5482,55.09,69,100,5.93
348,Gejiu,CN,2022-03-07 04:41:11,23.306,103.1635,65.28,34,43,3.94
349,Rawson,AR,2022-03-07 04:41:11,-43.3002,-65.1023,65.89,40,57,10.11
350,Alim,PH,2022-03-07 04:41:12,9.5649,122.4876,83.39,73,100,13.91
351,Totness,SR,2022-03-07 04:41:12,5.8833,-56.3167,74.14,92,100,9.6
352,Chumikan,RU,2022-03-07 04:41:12,54.7183,135.315,19.74,76,22,12.44
353,Andrelandia,BR,2022-03-07 04:41:13,-21.7397,-44.3092,62.51,96,2,2.24
354,Kropotkin,RU,2022-03-07 04:41:13,45.4375,40.5756,32.27,65,2,6.11
355,Teahupoo,PF,2022-03-07 04:41:13,-17.8333,-149.2667,78.53,75,70,15.32
356,Guerrero Negro,MX,2022-03-07 04:41:14,27.9769,-114.0611,57.67,67,43,18.12
357,Shalinskoye,RU,2022-03-07 04:41:14,55.7228,93.7594,37.9,83,100,19.28
358,Cookeville,US,2022-03-07 04:41:15,36.1628,-85.5016,69.57,69,75,8.05
359,Saint-Gedeon,CA,2022-03-07 04:41:15,48.5001,-71.7658,25.43,100,100,2.3
360,Severnoye,RU,2022-03-07 04:41:16,56.3491,78.3619,31.82,92,100,18.95
361,Mazamari,PE,2022-03-07 04:41:16,-11.3258,-74.5308,68.56,99,100,1.5
362,Klyuchi,RU,2022-03-07 04:41:16,52.2667,79.1667,35.26,80,100,20.89
363,Ipanema,BR,2022-03-07 04:41:17,-30.1391,-51.2244,73.38,95,100,8.05
364,Millinocket,US,2022-03-07 04:41:17,45.6573,-68.7098,51.82,93,40,0.0
365,Mount Gambier,AU,2022-03-07 04:41:18,-37.8333,140.7667,69.71,52,75,20.71
366,Itarema,BR,2022-03-07 04:41:18,-2.9248,-39.9167,76.08,91,100,5.21
367,Puerto Baquerizo Moreno,EC,2022-03-07 04:41:18,-0.9,-89.6,77.56,80,59,6.24
368,Namatanai,PG,2022-03-07 04:41:19,-3.6667,152.4333,84.69,70,47,4.52
369,Derzhavinsk,KZ,2022-03-07 04:41:17,51.1,66.3167,15.82,94,100,8.5
370,Kamenka,RU,2022-03-07 04:41:20,51.3223,42.7678,16.75,96,90,9.04
371,Lorengau,PG,2022-03-07 04:41:20,-2.0226,147.2712,77.99,88,100,2.35
372,Maniitsoq,GL,2022-03-07 04:41:20,65.4167,-52.9,9.95,94,100,4.27
373,San Carlos De Bariloche,AR,2022-03-07 04:37:39,-41.1456,-71.3082,49.75,81,75,20.71
374,Harare,ZW,2022-03-07 04:38:56,-17.8294,31.0539,62.4,87,11,4.72
375,Yar-Sale,RU,2022-03-07 04:41:21,66.8333,70.8333,-22.61,98,95,10.16
376,Tessalit,ML,2022-03-07 04:41:22,20.1986,1.0114,64.04,18,0,8.05
377,Khorramshahr,IR,2022-03-07 04:41:22,30.4397,48.1664,69.76,26,40,19.57
378,San Cristobal,VE,2022-03-07 04:41:23,7.7669,-72.225,66.38,84,81,3.44
379,Waipawa,NZ,2022-03-07 04:41:23,-41.4122,175.5153,61.45,94,100,11.18
380,Labelle,US,2022-03-07 04:41:23,26.7617,-81.4384,73.98,79,0,8.77
381,Zvishavane,ZW,2022-03-07 04:41:24,-20.3267,30.0665,67.06,87,99,4.85
382,Hamilton,US,2022-03-07 04:39:22,39.1834,-84.5333,61.99,94,100,17.27
383,Ankang,CN,2022-03-07 04:41:25,32.68,109.0172,63.57,43,0,1.36
384,Kalemie,CD,2022-03-07 04:41:25,-5.9475,29.1947,71.02,87,100,2.24
385,Spokane,US,2022-03-07 04:41:25,47.6166,-117.3677,36.19,58,0,3.44
386,Kalmanka,RU,2022-03-07 04:41:26,52.8992,83.5433,38.5,83,99,19.66
387,El Tigre,VE,2022-03-07 04:41:26,8.8875,-64.2454,74.89,74,99,13.18
388,Shiyan,CN,2022-03-07 04:39:35,32.6475,110.7781,66.11,29,0,5.46
389,Tyukhtet,RU,2022-03-07 04:41:27,56.5389,89.3011,34.14,99,98,15.32
390,Okha,RU,2022-03-07 04:41:27,53.5739,142.9478,18.37,87,100,7.63
391,Boddam,GB,2022-03-07 04:41:28,57.4667,-1.7833,37.38,76,93,15.93
392,Tromso,NO,2022-03-07 04:41:28,69.6496,18.957,32.38,74,40,16.11
393,Sapa,PH,2022-03-07 04:41:28,5.1544,120.3241,83.12,76,79,18.75
394,Dingle,PH,2022-03-07 04:41:29,10.9995,122.6711,77.59,87,100,10.63
395,Shestakovo,RU,2022-03-07 04:41:29,56.4915,103.96,34.68,95,100,7.36
396,Kendal,GB,2022-03-07 04:36:42,54.3268,-2.7476,33.44,95,9,2.01
397,Osakarovka,KZ,2022-03-07 04:41:17,50.565,72.5692,27.41,84,100,29.06
398,Albox,ES,2022-03-07 04:41:30,37.3886,-2.1495,49.33,83,93,2.98
399,Preobrazheniye,RU,2022-03-07 04:41:30,42.9019,133.9064,35.28,51,55,7.2
400,Riberalta,BO,2022-03-07 04:41:31,-10.9833,-66.1,72.09,99,100,3.4
401,Launceston,AU,2022-03-07 04:38:46,-41.45,147.1667,70.16,46,36,9.22
402,Neryungri,RU,2022-03-07 04:41:31,56.6709,124.6491,17.82,76,97,6.29
403,Serenje,ZM,2022-03-07 04:41:32,-13.2325,30.2352,62.42,97,100,2.73
404,Posse,BR,2022-03-07 04:41:32,-14.0931,-46.3694,64.56,87,62,3.49
405,Aklavik,CA,2022-03-07 04:41:32,68.2191,-135.0107,14.83,86,99,24.56
406,Eureka,US,2022-03-07 04:41:02,40.8021,-124.1637,47.19,86,2,4.05
407,Dunedin,NZ,2022-03-07 04:41:33,-45.8742,170.5036,53.8,73,100,8.01
408,Wad Rawah,SD,2022-03-07 04:41:33,15.1603,33.1397,81.43,22,57,9.08
409,Acarau,BR,2022-03-07 04:40:58,-2.8856,-40.12,77.14,87,100,4.25
410,Nelson Bay,AU,2022-03-07 04:41:34,-32.7167,152.15,79.0,88,100,8.12
411,Olga,RU,2022-03-07 04:41:34,43.7444,135.2892,35.91,44,47,8.81
412,Guaymas,MX,2022-03-07 04:41:35,27.9333,-110.9,58.46,53,38,7.9
413,Srednekolymsk,RU,2022-03-07 04:41:35,67.45,153.6833,-12.96,94,98,5.23
414,Juegang,CN,2022-03-07 04:41:36,32.3174,121.1855,50.56,49,82,1.39
415,Barinas,VE,2022-03-07 04:41:36,8.6226,-70.2075,82.44,57,71,3.44
416,Nemuro,JP,2022-03-07 04:41:36,43.3236,145.575,30.63,63,26,20.78
417,Sovetsk,RU,2022-03-07 04:41:37,55.0839,21.8785,31.08,93,37,7.83
418,Vangaindrano,MG,2022-03-07 04:41:37,-23.35,47.6,76.14,86,38,2.26
419,Auki,SB,2022-03-07 04:41:38,-8.7676,160.7034,83.32,72,85,0.29
420,Lensk,RU,2022-03-07 04:41:38,60.7253,114.9278,9.21,77,79,4.83
421,Asau,RO,2022-03-07 04:41:38,46.4333,26.4,30.4,87,100,0.45
422,Bairiki,KI,2022-03-07 04:41:39,1.3292,172.9752,86.0,70,40,13.8
423,Puerto Ayacucho,VE,2022-03-07 04:41:39,5.6639,-67.6236,76.95,69,38,7.07
424,La Ronge,CA,2022-03-07 04:41:40,55.1001,-105.2842,14.25,85,0,5.75
425,Ajra,IN,2022-03-07 04:41:40,16.1167,74.2,78.01,33,3,8.88
426,Marquette,US,2022-03-07 04:41:40,46.5333,-87.6335,26.04,97,70,3.67
427,Meulaboh,ID,2022-03-07 04:39:54,4.1363,96.1285,85.08,63,30,4.03
428,Tura,IN,2022-03-07 04:40:10,25.5198,90.2201,87.91,17,0,2.46
429,Baghdad,IQ,2022-03-07 04:41:41,33.3406,44.4009,62.51,42,40,8.05
430,Porbandar,IN,2022-03-07 04:41:42,21.6422,69.6093,84.18,18,0,13.8
431,Tilichiki,RU,2022-03-07 04:41:42,60.4667,166.1,6.48,89,42,7.81
432,Mildura,AU,2022-03-07 04:41:42,-34.2,142.15,84.07,39,29,11.5
433,Waynesboro,US,2022-03-07 04:41:43,38.0685,-78.8895,62.65,75,100,3.44
434,Batsfjord,NO,2022-03-07 04:41:43,70.6345,29.7185,12.42,81,24,12.95
435,Sungairaya,ID,2022-03-07 04:41:44,0.7,108.9,84.16,72,100,4.03
436,Burpengary,AU,2022-03-07 04:39:43,-27.1575,152.9576,88.92,59,8,5.59
437,Banda Aceh,ID,2022-03-07 04:41:44,5.5577,95.3222,85.59,67,64,12.59
438,Kavieng,PG,2022-03-07 04:41:45,-2.5744,150.7967,81.77,77,78,4.21
439,Inhambane,MZ,2022-03-07 04:41:45,-23.865,35.3833,76.98,88,75,0.0
440,Narsaq,GL,2022-03-07 04:38:49,60.9167,-46.05,17.82,95,100,2.46
441,Broome,US,2022-03-07 04:41:46,42.2506,-75.833,49.98,71,75,10.36
442,Sungurlu,TR,2022-03-07 04:41:46,40.1675,34.3739,36.73,84,17,3.13
443,Sobolevo,RU,2022-03-07 04:41:47,54.4299,31.8996,26.29,93,100,4.9
444,Acapulco,MX,2022-03-07 04:41:47,16.8634,-99.8901,76.82,83,0,3.44
445,Kautokeino,NO,2022-03-07 04:41:47,69.0125,23.0412,7.56,98,100,4.65
446,Changping,CN,2022-03-07 04:41:48,40.2186,116.2197,58.64,13,0,5.41
447,Digha,IN,2022-03-07 04:38:58,21.6833,87.55,84.7,28,0,5.68
448,Vuktyl,RU,2022-03-07 04:41:48,63.8567,57.3094,-15.56,94,46,4.76
449,Marrakesh,MA,2022-03-07 04:41:49,31.6315,-8.0083,44.67,93,18,3.44
450,Vanavara,RU,2022-03-07 04:41:49,60.34,102.2797,9.77,81,100,7.56
451,Qujing,CN,2022-03-07 04:39:09,25.4833,103.7833,68.31,18,5,5.48
452,Rock Sound,BS,2022-03-07 04:41:50,24.9,-76.2,75.36,80,0,24.4
453,Kenitra,MA,2022-03-07 04:39:42,34.261,-6.5802,50.85,80,46,7.09
454,Presidencia Roque Saenz Pena,AR,2022-03-07 04:41:50,-26.7852,-60.4388,84.13,50,20,10.07
455,Kanye,BW,2022-03-07 04:41:51,-24.9667,25.3327,61.74,85,36,8.81
456,Ayan,RU,2022-03-07 04:41:51,56.45,138.1667,13.23,80,99,2.89
457,Maracacume,BR,2022-03-07 04:41:52,-2.0428,-45.9592,71.89,100,100,2.46
458,Batagay-Alyta,RU,2022-03-07 04:41:52,67.8006,130.4114,-5.69,82,55,0.89
459,Bud,US,2022-03-07 04:41:52,39.447,-86.1758,52.3,93,92,11.23
460,Emerald,AU,2022-03-07 04:41:53,-23.5333,148.1667,97.34,20,0,6.91
461,Marzuq,YE,2022-03-07 04:41:53,14.4,46.4667,70.63,25,91,2.82
462,Flinders,AU,2022-03-07 04:38:42,-34.5833,150.8552,78.21,93,100,7.58
463,Fukagawa,JP,2022-03-07 04:41:54,43.7081,142.0392,32.05,78,82,9.33
464,Aguimes,ES,2022-03-07 04:41:54,27.9054,-15.4461,59.63,74,75,12.66
465,Kendari,ID,2022-03-07 04:41:55,-3.945,122.4989,76.14,92,100,5.75
466,Moba,CN,2022-03-07 04:41:55,33.2288,105.0179,54.01,40,0,8.86
467,Tiksi,RU,2022-03-07 04:37:27,71.6872,128.8694,-18.53,99,84,2.66
468,Manzhouli,CN,2022-03-07 04:39:14,49.6,117.4333,32.56,53,65,12.75
469,Tocopilla,CL,2022-03-07 04:41:56,-22.092,-70.1979,69.49,85,30,4.38
470,Damghan,IR,2022-03-07 04:41:56,36.1683,54.348,45.97,51,100,4.52
471,Lagoa,PT,2022-03-07 04:41:57,39.05,-27.9833,55.96,57,55,32.66
472,Kundiawa,PG,2022-03-07 04:41:57,-6.0167,144.9667,69.64,90,99,0.27
473,Punta Alta,AR,2022-03-07 04:41:57,-38.8759,-62.0736,64.45,76,100,10.18
474,Aktash,RU,2022-03-07 04:41:58,50.3,87.7333,29.39,72,56,4.99
475,San Anselmo,US,2022-03-07 04:41:58,37.9747,-122.5616,50.97,80,40,1.99
476,Bilibino,RU,2022-03-07 04:41:58,68.0546,166.4372,7.14,85,100,3.69
477,Eastbourne,GB,2022-03-07 04:41:59,50.7687,0.2845,40.96,80,21,1.01
478,Frontera,MX,2022-03-07 04:41:59,26.9333,-101.45,74.32,45,0,5.01
479,Balao,EC,2022-03-07 04:42:00,-2.9167,-79.8167,75.4,88,99,1.9
480,Alice Springs,AU,2022-03-07 04:42:00,-23.7,133.8833,96.22,43,0,13.8
481,Alytus,LT,2022-03-07 04:42:00,54.4,24.05,30.11,97,31,6.58
482,Pangoa,PE,2022-03-07 04:42:01,-12.1167,-73.0,67.26,100,100,1.19
483,Awjilah,LY,2022-03-07 04:42:01,29.1081,21.2869,54.91,70,100,5.55
484,Biak,ID,2022-03-07 04:42:02,-0.9131,122.8766,81.7,77,100,4.54
485,Lusambo,CD,2022-03-07 04:42:02,-4.9667,23.45,69.62,99,100,1.1
486,Colac,AU,2022-03-07 04:42:02,-38.3333,143.5833,69.15,74,100,7.99
487,Cabadiangan,PH,2022-03-07 04:42:03,9.7531,122.4739,82.94,74,100,15.35
488,Hokitika,NZ,2022-03-07 04:42:03,-42.7167,170.9667,69.57,63,98,4.76
489,Ixtapa,MX,2022-03-07 04:42:03,20.7,-105.2,70.23,77,0,2.91
490,Bathsheba,BB,2022-03-07 04:42:04,13.2167,-59.5167,77.61,73,40,26.46
491,Belaya Gora,RU,2022-03-07 04:42:04,68.5333,146.4167,-9.51,94,98,4.05
492,Harnosand,SE,2022-03-07 04:42:05,62.6323,17.9379,32.0,87,99,5.93
493,Belmonte,BR,2022-03-07 04:42:05,-15.8631,-38.8828,75.7,84,66,3.69
494,Rorvik,NO,2022-03-07 04:42:06,64.8621,11.2373,42.04,93,100,30.78
495,Yantal,RU,2022-03-07 04:42:06,56.8471,105.2542,34.11,92,100,8.93
496,Tuatapere,NZ,2022-03-07 04:42:06,-46.1333,167.6833,54.82,90,89,5.68
497,Chara,RU,2022-03-07 04:42:07,56.9064,118.2631,15.12,79,100,1.79
498,Kerouane,GN,2022-03-07 04:42:07,9.2667,-9.0167,72.9,33,21,1.83
499,Pine Bluff,US,2022-03-07 04:40:05,34.2284,-92.0032,75.31,64,100,18.41
500,Pauini,BR,2022-03-07 04:42:08,-7.7136,-66.9764,73.29,100,100,1.36
501,Pimenta Bueno,BR,2022-03-07 04:41:45,-11.6725,-61.1936,69.64,99,99,2.3
502,Seoul,KR,2022-03-07 04:41:52,37.5683,126.9778,49.51,29,0,3.44
503,Cervo,ES,2022-03-07 04:42:09,43.6702,-7.4101,30.2,88,13,7.0
504,Brae,GB,2022-03-07 04:42:09,60.3964,-1.353,42.71,74,100,15.86
505,Hanna,CA,2022-03-07 04:42:09,51.6334,-111.9018,23.02,81,54,8.01
506,Sangar,RU,2022-03-07 04:42:10,63.9242,127.4739,10.15,81,100,9.04
507,Itaueira,BR,2022-03-07 04:42:10,-7.6033,-43.0256,72.68,94,99,1.97
508,Katobu,ID,2022-03-07 04:42:10,-4.9408,122.5276,74.07,96,100,4.25
509,Saint-Joseph,RE,2022-03-07 04:42:11,-21.3667,55.6167,82.78,80,98,13.44
510,Basco,PH,2022-03-07 04:42:11,20.4487,121.9702,75.51,81,75,19.33
511,Kavaje,AL,2022-03-07 04:42:12,41.1856,19.5569,42.96,78,100,7.25
512,Yar,RU,2022-03-07 04:42:12,58.249,52.1026,-2.92,95,97,3.6
513,Byron Bay,AU,2022-03-07 04:42:12,-28.65,153.6167,86.05,63,63,8.32
514,Anchorage,US,2022-03-07 04:39:28,61.2181,-149.9003,30.65,85,0,1.99
515,Maglaj,BA,2022-03-07 04:42:13,44.5492,18.0967,30.92,99,100,2.77
516,Coromoro,CO,2022-03-07 04:42:14,6.2946,-73.0402,63.01,99,100,1.63
517,Mutoko,ZW,2022-03-07 04:42:14,-17.397,32.2268,63.41,84,49,1.32
518,Mareeba,AU,2022-03-07 04:42:14,-17.0,145.4333,97.66,63,33,5.48
519,Kodlipet,IN,2022-03-07 04:42:15,12.8,75.8833,80.01,35,58,10.47
520,Kenai,US,2022-03-07 04:42:15,60.5544,-151.2583,30.29,75,0,6.91
521,Kolondieba,ML,2022-03-07 04:42:16,11.0882,-6.8926,74.52,15,24,5.19
522,Illintsi,UA,2022-03-07 04:42:16,49.1048,29.2177,26.44,81,16,5.17
523,Port Keats,AU,2022-03-07 04:42:16,-14.25,129.55,90.5,58,97,6.49
524,Mikhaylovka,RU,2022-03-07 04:42:17,50.06,43.2379,19.78,96,76,7.87
525,Zhezkazgan,KZ,2022-03-07 04:42:18,47.8043,67.7144,28.38,86,75,24.61
526,Athens,GR,2022-03-07 04:42:18,37.9795,23.7162,50.38,72,20,5.75
527,Eyemouth,GB,2022-03-07 04:42:18,55.8713,-2.0901,31.84,81,50,7.16
528,Mahanoro,MG,2022-03-07 04:42:19,-19.9,48.8,78.01,80,83,8.55
529,Torrington,US,2022-03-07 04:42:19,41.8007,-73.1212,62.02,79,99,4.0
530,Pimenteiras,BR,2022-03-07 04:42:19,-6.2453,-41.4192,72.05,94,100,2.64
531,Gat,IL,2022-03-07 04:42:20,31.61,34.7642,58.41,100,33,4.7
