,City,Country,Date,Lat,Lng,Max Temp,Humidity,Cloudiness,Wind Speed
0,Castro,BR,2022-03-11 00:39:44,-24.7911,-50.0119,65.34,96,100,1.68
1,Hobart,AU,2022-03-11 00:37:19,-42.8794,147.3294,71.02,50,20,9.22
2,Kaitangata,NZ,2022-03-11 00:39:45,-46.2817,169.8464,69.73,53,100,10.51
3,Bluff,NZ,2022-03-11 00:39:45,-46.6,168.3333,66.79,64,100,8.37
4,Cherskiy,RU,2022-03-11 00:39:45,68.75,161.3,17.04,75,79,6.46
5,Henties Bay,NA,2022-03-11 00:39:46,-22.116,14.2845,66.49,85,97,4.85
6,Miri,MY,2022-03-11 00:39:46,4.4148,114.0089,78.94,89,20,3.44
7,Rikitea,PF,2022-03-11 00:37:56,-23.1203,-134.9692,78.71,70,59,6.22
8,Busselton,AU,2022-03-11 00:39:47,-33.65,115.3333,82.71,35,2,9.8
9,Arraial Do Cabo,BR,2022-03-11 00:39:47,-22.9661,-42.0278,77.88,85,1,24.14
10,Hilo,US,2022-03-11 00:39:47,19.7297,-155.09,82.13,75,20,13.8
11,Kruisfontein,ZA,2022-03-11 00:39:48,-34.0033,24.7314,63.73,95,0,5.3
12,Cabo San Lucas,MX,2022-03-11 00:36:36,22.8909,-109.9124,73.62,58,3,10.67
13,Guerrero Negro,MX,2022-03-11 00:39:48,27.9769,-114.0611,62.02,67,100,17.69
14,Oranjestad,AW,2022-03-11 00:39:49,12.524,-70.027,80.55,78,40,17.27
15,Atuona,PF,2022-03-11 00:39:49,-9.8,-139.0333,78.39,73,9,14.16
16,Dikson,RU,2022-03-11 00:39:50,73.5069,80.5464,-14.57,97,70,17.47
17,Buenaventura,CO,2022-03-11 00:39:50,3.8801,-77.0312,75.09,92,29,1.34
18,Inuvik,CA,2022-03-11 00:39:50,68.3499,-133.7218,-8.64,77,20,3.44
19,Port Alfred,ZA,2022-03-11 00:39:51,-33.5906,26.891,71.44,81,75,3.18
20,Port Augusta,AU,2022-03-11 00:39:51,-32.5,137.7667,77.29,22,100,4.54
21,Pucallpa,PE,2022-03-11 00:39:52,-8.3791,-74.5539,80.64,83,75,5.75
22,Avera,US,2022-03-11 00:39:52,33.194,-82.5271,53.38,86,100,9.4
23,Port-Gentil,GA,2022-03-11 00:39:52,-0.7193,8.7815,81.54,78,100,8.66
24,Ushuaia,AR,2022-03-11 00:39:53,-54.8,-68.3,47.86,76,75,4.61
25,Yellowknife,CA,2022-03-11 00:39:53,62.456,-114.3525,-1.71,54,20,10.36
26,Krasnoselkup,RU,2022-03-11 00:39:53,65.7,82.4667,-9.76,100,97,2.82
27,Qaanaaq,GL,2022-03-11 00:39:54,77.484,-69.3632,-7.46,80,100,1.92
28,La Ronge,CA,2022-03-11 00:37:11,55.1001,-105.2842,-3.75,59,75,21.85
29,Juba,SS,2022-03-11 00:39:54,4.8517,31.5825,84.15,34,70,1.99
30,Hithadhoo,MV,2022-03-11 00:39:55,-0.6,73.0833,81.9,59,5,3.85
31,Khatanga,RU,2022-03-11 00:35:49,71.9667,102.5,-24.61,100,100,5.28
32,Barrow,US,2022-03-11 00:39:56,71.2906,-156.7887,-11.18,70,0,5.75
33,Jutai,BR,2022-03-11 00:39:56,-5.1833,-68.9,73.6,95,82,1.3
34,Sao Filipe,CV,2022-03-11 00:39:56,14.8961,-24.4956,70.99,72,4,12.06
35,Mataura,NZ,2022-03-11 00:39:57,-46.1927,168.8643,66.47,56,100,8.01
36,Ola,RU,2022-03-11 00:39:57,59.5833,151.2833,25.86,72,100,7.67
37,Talnakh,RU,2022-03-11 00:39:58,69.4865,88.3972,-29.07,98,68,7.52
38,Hermanus,ZA,2022-03-11 00:39:58,-34.4187,19.2345,66.79,88,0,11.01
39,Ponta Delgada,PT,2022-03-11 00:39:59,37.7333,-25.6667,57.92,67,20,6.91
40,Albany,US,2022-03-11 00:39:59,42.6001,-73.9662,35.92,85,100,1.99
41,Georgetown,MY,2022-03-11 00:35:26,5.4112,100.3354,80.53,93,20,2.3
42,Kudahuvadhoo,MV,2022-03-11 00:40:00,2.6708,72.8944,82.35,71,8,7.94
43,Tasiilaq,GL,2022-03-11 00:40:00,65.6145,-37.6368,23.74,76,100,17.85
44,Punta Arenas,CL,2022-03-11 00:36:26,-53.15,-70.9167,57.31,72,75,12.66
45,Sola,VU,2022-03-11 00:40:01,-13.8833,167.55,86.67,74,75,2.3
46,Alyangula,AU,2022-03-11 00:40:01,-13.8483,136.4192,89.47,70,40,3.44
47,Tuktoyaktuk,CA,2022-03-11 00:40:02,69.4541,-133.0374,-18.4,76,75,5.75
48,San Patricio,US,2022-03-11 00:40:03,28.017,-97.5169,67.17,84,100,8.86
49,Maningrida,AU,2022-03-11 00:37:19,-12.0667,134.2667,88.29,64,100,3.67
50,Norman Wells,CA,2022-03-11 00:35:45,65.282,-126.8329,-3.96,59,75,8.05
51,Jamestown,US,2022-03-11 00:38:05,42.097,-79.2353,31.01,58,0,5.75
52,Sri Aman,MY,2022-03-11 00:40:04,1.2376,111.4621,77.09,94,20,0.0
53,East London,ZA,2022-03-11 00:40:05,-33.0153,27.9116,70.43,85,20,5.53
54,Rawson,AR,2022-03-11 00:40:06,-43.3002,-65.1023,58.84,62,0,12.12
55,Nome,US,2022-03-11 00:38:57,64.5011,-165.4064,24.87,64,0,33.38
56,New Norfolk,AU,2022-03-11 00:40:07,-42.7826,147.0587,70.66,44,10,5.01
57,Valmiera,LV,2022-03-11 00:40:07,57.5411,25.4275,24.42,72,27,6.38
58,Vao,NC,2022-03-11 00:40:07,-22.6667,167.4833,78.55,79,6,7.43
59,Saskylakh,RU,2022-03-11 00:40:08,71.9167,114.0833,-28.73,99,100,4.36
60,Vanavara,RU,2022-03-11 00:40:08,60.34,102.2797,-15.92,98,81,4.5
61,Ronne,DK,2022-03-11 00:40:09,55.1009,14.7066,35.51,60,76,23.02
62,Sibolga,ID,2022-03-11 00:40:09,1.7427,98.7792,77.38,86,91,1.81
63,Altamira,BR,2022-03-11 00:40:10,-3.2033,-52.2064,72.09,98,100,2.24
64,Kapaa,US,2022-03-11 00:40:10,22.0752,-159.319,81.48,70,20,9.22
65,Kodiak,US,2022-03-11 00:40:11,57.79,-152.4072,44.11,81,100,8.05
66,Upernavik,GL,2022-03-11 00:40:11,72.7868,-56.1549,-14.58,99,37,2.95
67,Bud,US,2022-03-11 00:40:11,39.447,-86.1758,44.67,66,22,3.53
68,Cape Town,ZA,2022-03-11 00:40:12,-33.9258,18.4232,67.12,80,0,6.91
69,Nanortalik,GL,2022-03-11 00:40:12,60.1432,-45.2371,8.26,72,0,7.05
70,Christchurch,NZ,2022-03-11 00:40:13,-43.5333,172.6333,82.33,45,50,8.05
71,Mporokoso,ZM,2022-03-11 00:40:13,-9.3727,30.125,61.12,95,99,3.15
72,Redcliffe,AU,2022-03-11 00:40:13,-27.2307,153.0973,77.41,78,75,9.22
73,Planadas,CO,2022-03-11 00:40:14,3.197,-75.6451,75.63,93,95,3.18
74,Qaqortoq,GL,2022-03-11 00:40:14,60.7167,-46.0333,-2.13,87,1,4.32
75,Bredasdorp,ZA,2022-03-11 00:40:15,-34.5322,20.0403,60.12,88,0,3.44
76,Longyearbyen,SJ,2022-03-11 00:40:15,78.2186,15.6401,22.84,74,40,18.41
77,Mareeba,AU,2022-03-11 00:40:15,-17.0,145.4333,88.66,73,99,4.05
78,Asyut,EG,2022-03-11 00:40:16,27.181,31.1837,53.78,39,4,8.32
79,Puerto Ayora,EC,2022-03-11 00:40:16,-0.7393,-90.3518,78.55,91,91,1.01
80,Codrington,AU,2022-03-11 00:40:17,-38.2667,141.9667,64.58,53,69,10.11
81,Vaini,TO,2022-03-11 00:40:17,-21.2,-175.2,78.96,89,75,6.91
82,Mujiayingzi,CN,2022-03-11 00:40:18,42.1167,118.7833,39.25,28,3,1.03
83,Skoghall,SE,2022-03-11 00:40:18,59.3232,13.4655,25.36,93,14,3.44
84,Severo-Kurilsk,RU,2022-03-11 00:38:59,50.6789,156.125,31.1,93,100,16.42
85,Montepuez,MZ,2022-03-11 00:40:19,-13.1256,38.9997,68.67,96,100,5.44
86,Luena,AO,2022-03-11 00:40:19,-11.7833,19.9167,63.27,97,99,2.86
87,Sherlovaya Gora,RU,2022-03-11 00:40:19,50.5667,116.25,6.01,79,5,4.16
88,San Quintin,MX,2022-03-11 00:40:20,30.4833,-115.95,59.23,76,33,16.06
89,Saint-Philippe,RE,2022-03-11 00:40:20,-21.3585,55.7679,76.59,84,39,8.59
90,Somanda,TZ,2022-03-11 00:40:20,-3.3667,33.95,66.6,77,100,6.49
91,Rincon,US,2022-03-11 00:35:36,32.296,-81.2354,66.16,89,75,10.36
92,Klaksvik,FO,2022-03-11 00:40:21,62.2266,-6.589,45.52,85,67,27.69
93,Lasa,IT,2022-03-11 00:40:21,46.6166,10.7002,33.03,89,59,2.21
94,Inhambane,MZ,2022-03-11 00:40:22,-23.865,35.3833,74.95,87,11,9.69
95,San Ramon,US,2022-03-11 00:40:22,37.7799,-121.978,67.33,18,0,14.97
96,Aripuana,BR,2022-03-11 00:35:40,-9.1667,-60.6333,73.0,99,100,1.9
97,Ambilobe,MG,2022-03-11 00:40:23,-13.2,49.05,73.89,98,100,0.69
98,Nemuro,JP,2022-03-11 00:40:23,43.3236,145.575,34.97,85,99,16.08
99,Gat,IL,2022-03-11 00:40:24,31.61,34.7642,50.81,100,99,21.21
100,Nikolskoye,RU,2022-03-11 00:40:24,59.7035,30.7861,22.8,86,27,7.43
101,Hovd,MN,2022-03-11 00:39:26,48.0056,91.6419,21.97,50,0,13.96
102,Toamasina,MG,2022-03-11 00:40:25,-18.1667,49.3833,78.8,94,75,2.3
103,Ayr,GB,2022-03-11 00:40:25,55.4627,-4.6339,42.78,81,20,12.66
104,Arlit,NE,2022-03-11 00:40:26,18.7369,7.3853,71.53,21,70,7.23
105,Cabedelo,BR,2022-03-11 00:40:26,-6.9811,-34.8339,81.27,73,100,13.87
106,Onokhoy,RU,2022-03-11 00:40:26,51.932,108.0747,11.95,80,100,4.9
107,Olafsvik,IS,2022-03-11 00:40:27,64.8945,-23.7142,39.87,93,100,17.05
108,Avarua,CK,2022-03-11 00:40:27,-21.2078,-159.775,82.45,78,75,6.91
109,Provideniya,RU,2022-03-11 00:40:27,64.3833,-173.3,21.36,73,0,40.0
110,Ahuimanu,US,2022-03-11 00:40:28,21.4447,-157.8378,85.14,70,40,9.22
111,Prince Rupert,CA,2022-03-11 00:37:09,54.3161,-130.3201,41.09,87,100,25.32
112,Mahebourg,MU,2022-03-11 00:40:28,-20.4081,57.7,79.09,89,40,4.61
113,Havre,FR,2022-03-11 00:40:29,49.5833,0.3333,51.57,71,0,9.22
114,Bereznyky,UA,2022-03-11 00:40:29,48.5141,23.2198,22.68,71,0,4.83
115,Ixtapa,MX,2022-03-11 00:40:30,20.7,-105.2,72.63,60,0,11.5
116,Aksarka,RU,2022-03-11 00:37:43,66.5606,67.7975,-3.08,90,100,10.76
117,Arman,RU,2022-03-11 00:40:30,59.7,150.1667,24.98,69,100,6.44
118,Katsuura,JP,2022-03-11 00:40:31,35.1333,140.3,58.59,49,1,12.82
119,Baykit,RU,2022-03-11 00:40:31,61.67,96.37,-22.09,100,88,2.59
120,Roald,NO,2022-03-11 00:40:31,62.5833,6.1333,50.14,50,100,9.22
121,Bossangoa,CF,2022-03-11 00:40:32,6.4926,17.4552,79.21,51,100,4.27
122,Yulara,AU,2022-03-11 00:40:32,-25.2406,130.9889,78.64,22,76,11.5
123,Taft,IR,2022-03-11 00:40:33,31.7471,54.2088,67.95,23,75,4.61
124,Victoria,HK,2022-03-11 00:40:24,22.2855,114.1577,72.25,78,63,11.01
125,Abalak,RU,2022-03-11 00:40:33,58.1286,68.5944,-21.75,100,75,3.67
126,Prainha,BR,2022-03-11 00:40:33,-1.8,-53.48,72.28,97,100,2.59
127,Anadyr,RU,2022-03-11 00:40:34,64.75,177.4833,18.1,62,0,20.13
128,Tam Ky,VN,2022-03-11 00:37:41,15.5667,108.4833,72.09,78,33,5.41
129,Sitka,US,2022-03-11 00:40:34,57.0531,-135.33,42.69,75,100,12.66
130,Dembi Dolo,ET,2022-03-11 00:40:35,8.5333,34.8,69.69,43,100,3.6
131,Joacaba,BR,2022-03-11 00:40:32,-27.1781,-51.5047,66.87,100,100,2.64
132,Cecina,IT,2022-03-11 00:40:35,43.3128,10.524,45.91,77,100,4.68
133,Aklavik,CA,2022-03-11 00:40:36,68.2191,-135.0107,-4.0,65,75,8.05
134,Ahipara,NZ,2022-03-11 00:40:36,-35.1667,173.1667,74.28,56,83,10.4
135,Luganville,VU,2022-03-11 00:40:37,-15.5333,167.1667,85.39,69,39,7.16
136,Reno,US,2022-03-11 00:39:55,39.5296,-119.8138,43.5,21,0,6.91
137,Leningradskiy,RU,2022-03-11 00:40:37,69.3833,178.4167,13.23,78,2,7.67
138,Srednekolymsk,RU,2022-03-11 00:40:37,67.45,153.6833,4.6,91,100,3.31
139,Cayenne,GF,2022-03-11 00:40:38,4.9333,-52.3333,81.09,56,75,9.22
140,Nhulunbuy,AU,2022-03-11 00:40:38,-12.2333,136.7667,88.41,70,40,5.75
141,Tilichiki,RU,2022-03-11 00:40:39,60.4667,166.1,10.42,80,6,10.31
142,Bethel,US,2022-03-11 00:40:39,41.3712,-73.414,41.76,74,100,1.86
143,Mayna,RU,2022-03-11 00:40:40,54.1135,47.6231,1.29,97,86,10.74
144,Xuanwu,CN,2022-03-11 00:40:40,32.069,118.8138,60.75,52,0,2.26
145,Lompoc,US,2022-03-11 00:40:40,34.6391,-120.4579,71.13,57,0,19.57
146,Pacific Grove,US,2022-03-11 00:40:10,36.6177,-121.9166,66.45,60,0,11.01
147,Saldanha,ZA,2022-03-11 00:40:41,-33.0117,17.9442,64.45,87,3,6.24
148,Ribeira Grande,PT,2022-03-11 00:40:41,38.5167,-28.7,58.39,60,100,20.74
149,Weligama,LK,2022-03-11 00:40:42,5.9667,80.4167,76.39,86,31,1.66
150,Bloomingdale,US,2022-03-11 00:40:42,27.8936,-82.2404,74.05,90,40,4.61
151,Riverton,US,2022-03-11 00:39:17,40.5219,-111.9391,32.5,54,0,12.66
152,Vanino,RU,2022-03-11 00:40:43,49.0869,140.2543,32.88,81,35,2.64
153,Snezhnogorsk,RU,2022-03-11 00:40:43,69.1933,33.2531,29.79,82,100,20.6
154,Meulaboh,ID,2022-03-11 00:40:44,4.1363,96.1285,76.55,89,100,4.68
155,Saint-Augustin,CA,2022-03-11 00:40:44,51.226,-58.6502,24.73,92,100,12.33
156,Mar Del Plata,AR,2022-03-11 00:38:47,-38.0023,-57.5575,65.88,69,0,3.0
157,Lincoln,US,2022-03-11 00:36:03,40.8,-96.667,26.67,66,0,9.22
158,Ryotsu,JP,2022-03-11 00:40:45,38.0833,138.4333,50.74,57,99,11.01
159,Alexander City,US,2022-03-11 00:40:03,32.944,-85.9539,60.58,67,0,0.0
160,Kahului,US,2022-03-11 00:38:37,20.8947,-156.47,89.62,43,40,17.27
161,Acarau,BR,2022-03-11 00:40:46,-2.8856,-40.12,77.88,88,91,7.81
162,San Vicente,AR,2022-03-11 00:40:46,-26.6167,-54.1333,67.05,100,100,2.28
163,Haimen,CN,2022-03-11 00:40:47,23.1935,116.6142,62.49,68,0,2.68
164,Russell,US,2022-03-11 00:40:47,32.3502,-85.1999,65.43,78,20,0.0
165,Genhe,CN,2022-03-11 00:40:47,50.7833,121.5167,18.59,57,5,11.07
166,Campo Grande,BR,2022-03-11 00:40:48,-20.4428,-54.6464,74.75,88,20,3.44
167,Chingirlau,KZ,2022-03-11 00:40:48,51.095,54.0814,15.76,94,100,18.99
168,Marzuq,YE,2022-03-11 00:40:48,14.4,46.4667,63.72,17,100,5.21
169,Pevek,RU,2022-03-11 00:40:49,69.7008,170.3133,13.28,73,8,8.95
170,Maceio,BR,2022-03-11 00:40:49,-9.6658,-35.7353,76.44,88,40,1.14
171,Chuy,UY,2022-03-11 00:40:50,-33.6971,-53.4616,66.63,74,100,11.3
172,Nouadhibou,MR,2022-03-11 00:40:50,20.931,-17.0347,66.18,72,0,20.71
173,Ngunguru,NZ,2022-03-11 00:40:51,-35.6167,174.5,68.41,70,100,10.69
174,Lebu,CL,2022-03-11 00:40:51,-37.6167,-73.65,58.37,87,6,21.77
175,Port Elizabeth,ZA,2022-03-11 00:38:22,-33.918,25.5701,62.89,94,0,0.0
176,Ilhabela,BR,2022-03-11 00:38:30,-23.7781,-45.3581,77.32,85,7,5.48
177,Aldan,RU,2022-03-11 00:40:52,58.6031,125.3894,4.57,91,100,3.15
178,Adrar,MR,2022-03-11 00:40:52,20.5022,-10.0711,64.6,13,0,12.44
179,Fortuna,US,2022-03-11 00:40:53,40.5982,-124.1573,58.93,59,0,11.5
180,Cocal,BR,2022-03-11 00:40:53,-28.6167,-49.35,71.89,99,100,2.21
181,Kiama,AU,2022-03-11 00:40:54,-34.6833,150.8667,74.25,59,10,1.01
182,Moerai,PF,2022-03-11 00:40:54,-22.4333,-151.3333,81.37,71,97,7.18
183,Constitucion,CL,2022-03-11 00:40:55,-35.3333,-72.4167,60.53,72,0,12.33
184,Esperance,AU,2022-03-11 00:40:55,-33.8667,121.9,69.64,56,12,10.11
185,Cidreira,BR,2022-03-11 00:40:55,-30.1811,-50.2056,74.1,87,100,3.98
186,Matagami,CA,2022-03-11 00:40:56,49.7502,-77.6328,8.71,66,100,2.3
187,Vostok,RU,2022-03-11 00:40:56,46.4856,135.8833,32.11,75,32,10.51
188,Oyama,JP,2022-03-11 00:40:57,36.3,139.8,50.59,48,8,1.7
189,Pirovskoye,RU,2022-03-11 00:40:57,57.6267,92.2658,-21.33,100,68,3.4
190,La Sarre,CA,2022-03-11 00:37:23,48.8002,-79.1996,-1.62,97,17,2.42
191,Pisco,PE,2022-03-11 00:40:58,-13.7,-76.2167,71.65,73,0,12.66
192,Mulchen,CL,2022-03-11 00:40:58,-37.7167,-72.2333,60.78,62,23,10.02
193,Maniitsoq,GL,2022-03-11 00:40:58,65.4167,-52.9,-8.9,92,32,5.73
194,Aksay,RU,2022-03-11 00:40:59,47.26,39.87,21.42,60,99,11.39
195,Thompson,CA,2022-03-11 00:40:59,55.7435,-97.8558,-2.04,55,75,13.8
196,Roma,US,2022-03-11 00:36:29,43.2128,-75.4557,34.88,82,0,5.75
197,Qui Nhon,VN,2022-03-11 00:41:00,13.7667,109.2333,71.89,80,100,8.41
198,Bandar-E Lengeh,IR,2022-03-11 00:41:00,26.5579,54.8807,75.31,73,49,9.22
199,Tabasalu,EE,2022-03-11 00:41:01,59.4303,24.5331,28.69,74,0,12.66
200,Valverde Del Camino,ES,2022-03-11 00:41:01,37.5751,-6.7543,56.03,95,100,3.6
201,Brokopondo,SR,2022-03-11 00:41:02,4.75,-55.1667,75.69,89,100,7.78
202,Semirom,IR,2022-03-11 00:41:02,31.4167,51.5667,46.99,56,100,11.86
203,Clyde River,CA,2022-03-11 00:41:02,70.4692,-68.5914,-25.37,75,0,2.3
204,Mount Gambier,AU,2022-03-11 00:41:03,-37.8333,140.7667,62.51,55,40,9.22
205,Beira,MZ,2022-03-11 00:41:03,-19.8436,34.8389,80.69,78,20,8.05
206,Evensk,RU,2022-03-11 00:41:04,61.95,159.2333,25.45,65,6,15.05
207,Cravo Norte,CO,2022-03-11 00:41:04,6.3017,-70.2041,84.49,55,100,6.04
208,Boguchany,RU,2022-03-11 00:41:05,58.3814,97.4531,-15.02,100,99,1.61
209,Almaznyy,RU,2022-03-11 00:41:05,48.0448,40.045,19.38,81,15,9.06
210,Lata,PT,2022-03-11 00:41:06,40.1629,-8.3327,55.92,94,100,10.49
211,Aquiraz,BR,2022-03-11 00:41:06,-3.9014,-38.3911,81.05,87,100,8.19
212,Bandrele,YT,2022-03-11 00:41:07,-12.9067,45.1914,78.55,89,75,3.44
213,Kaihua,CN,2022-03-11 00:41:07,23.3687,104.28,59.61,84,99,7.36
214,Burnie,AU,2022-03-11 00:41:08,-41.0667,145.9167,62.44,53,0,4.18
215,Stephenville,US,2022-03-11 00:37:05,32.2207,-98.2023,67.15,32,0,10.36
216,Richards Bay,ZA,2022-03-11 00:41:08,-28.783,32.0377,72.03,92,6,3.69
217,Qasigiannguit,GL,2022-03-11 00:41:09,68.8193,-51.1922,-9.89,90,100,4.61
218,Turinskaya Sloboda,RU,2022-03-11 00:41:09,57.6232,64.3858,-15.66,100,97,3.65
219,Kita,ML,2022-03-11 00:41:10,13.0349,-9.4895,80.37,16,2,4.83
220,Porto Novo,BJ,2022-03-11 00:41:10,6.4965,2.6036,84.02,81,100,7.16
221,Faanui,PF,2022-03-11 00:41:11,-16.4833,-151.75,81.23,71,22,10.42
222,Mogadishu,SO,2022-03-11 00:37:24,2.0371,45.3438,77.11,76,23,16.62
223,Margate,GB,2022-03-11 00:41:11,51.3813,1.3862,49.3,74,13,1.99
224,Tucumcari,US,2022-03-11 00:41:12,35.1717,-103.725,33.94,40,40,13.8
225,Lukulu,ZM,2022-03-11 00:41:12,-14.3707,23.242,65.19,95,79,4.27
226,Kamenka,RU,2022-03-11 00:41:12,51.3223,42.7678,14.49,94,100,14.0
227,Matara,LK,2022-03-11 00:41:13,5.9485,80.5353,76.01,88,50,1.95
228,Edson,CA,2022-03-11 00:41:13,53.5835,-116.4356,24.91,33,75,8.05
229,Raudeberg,NO,2022-03-11 00:41:14,61.9875,5.1352,48.87,42,7,18.63
230,Miyako,JP,2022-03-11 00:41:14,39.6367,141.9525,48.16,51,99,6.22
231,Butaritari,KI,2022-03-11 00:41:14,3.0707,172.7902,81.01,81,89,15.37
232,Torbay,CA,2022-03-11 00:41:15,47.6666,-52.7314,30.58,78,0,19.57
233,Takoradi,GH,2022-03-11 00:41:15,4.8845,-1.7554,81.0,87,100,7.54
234,Phan Thiet,VN,2022-03-11 00:41:16,10.9333,108.1,79.48,62,61,2.84
235,Vila Velha,BR,2022-03-11 00:36:25,-20.3297,-40.2925,76.95,92,40,3.44
236,Barcelos,PT,2022-03-11 00:36:37,41.5388,-8.6151,53.85,91,100,13.87
237,Caldas Novas,BR,2022-03-11 00:41:17,-17.7417,-48.625,70.92,70,38,2.84
238,Ancud,CL,2022-03-11 00:41:17,-41.8697,-73.8203,54.54,91,12,3.85
239,Te Anau,NZ,2022-03-11 00:41:17,-45.4167,167.7167,64.76,75,98,6.85
240,Hofn,IS,2022-03-11 00:41:18,64.2539,-15.2082,45.28,93,100,29.17
241,Shimoda,JP,2022-03-11 00:41:18,34.6667,138.95,55.76,56,35,7.49
242,Hualmay,PE,2022-03-11 00:41:19,-11.0964,-77.6139,72.37,82,93,7.7
243,Kidal,ML,2022-03-11 00:41:19,18.4411,1.4078,74.01,16,4,11.39
244,Bontang,ID,2022-03-11 00:41:19,0.1333,117.5,81.39,81,88,3.44
245,Ceske Budejovice,CZ,2022-03-11 00:41:20,48.9745,14.4743,27.99,55,0,7.0
246,Geraldton,AU,2022-03-11 00:41:20,-28.7667,114.6,81.01,36,0,4.61
247,Puerto Leguizamo,CO,2022-03-11 00:41:21,-0.1934,-74.7819,76.95,82,86,2.93
248,Aguimes,ES,2022-03-11 00:41:21,27.9054,-15.4461,59.63,63,20,16.11
249,Namatanai,PG,2022-03-11 00:41:21,-3.6667,152.4333,83.28,71,100,3.71
250,Sibu,MY,2022-03-11 00:41:22,2.3,111.8167,75.51,94,40,5.01
251,Carnarvon,AU,2022-03-11 00:41:22,-24.8667,113.6333,82.47,78,40,9.22
252,Passo De Camaragibe,BR,2022-03-11 00:41:23,-9.2368,-35.4901,76.55,81,90,4.07
253,Martapura,ID,2022-03-11 00:41:23,-3.4167,114.85,77.09,94,20,2.3
254,Adolfo Lopez Mateos,MX,2022-03-11 00:41:24,28.4667,-107.3,49.87,14,82,20.49
255,Egvekinot,RU,2022-03-11 00:41:24,66.3167,-179.1667,12.25,57,0,18.03
256,Ginir,ET,2022-03-11 00:41:24,7.1333,40.7,57.74,55,89,2.89
257,Requena,ES,2022-03-11 00:41:25,39.4883,-1.1004,43.52,89,99,1.79
258,Abha,SA,2022-03-11 00:41:25,18.2164,42.5053,62.42,51,0,14.97
259,Pithapuram,IN,2022-03-11 00:41:26,17.1167,82.2667,71.92,64,19,2.75
260,Chokurdakh,RU,2022-03-11 00:41:26,70.6333,147.9167,-10.17,98,100,6.38
261,Azanja,RS,2022-03-11 00:41:27,44.4339,20.8759,26.92,81,7,4.85
262,Tura,IN,2022-03-11 00:41:27,25.5198,90.2201,68.99,30,0,2.3
263,Saint-Joseph,RE,2022-03-11 00:41:27,-21.3667,55.6167,75.58,83,21,8.77
264,Hastings,GB,2022-03-11 00:37:09,50.8552,0.5729,52.09,67,86,13.91
265,Eyl,SO,2022-03-11 00:41:28,7.9803,49.8164,72.5,77,100,7.94
266,Bambous Virieux,MU,2022-03-11 00:41:28,-20.3428,57.7575,79.05,89,40,4.61
267,Zarubino,RU,2022-03-11 00:41:29,42.63,131.0922,42.42,43,0,13.56
268,Makakilo City,US,2022-03-11 00:41:29,21.3469,-158.0858,83.95,59,75,9.22
269,Dalby,AU,2022-03-11 00:41:30,-27.1833,151.2667,78.98,59,93,3.0
270,Port Blair,IN,2022-03-11 00:41:30,11.6667,92.75,77.04,94,20,1.14
271,Spirit River,CA,2022-03-11 00:41:30,55.7833,-118.8361,9.03,89,100,6.98
272,Shiyan,CN,2022-03-11 00:41:31,32.6475,110.7781,69.4,56,0,3.06
273,Malakal,SS,2022-03-11 00:41:31,9.5334,31.6605,88.72,17,100,5.91
274,Sungaipenuh,ID,2022-03-11 00:41:31,-2.0833,101.3833,69.28,86,99,0.72
275,Bilibino,RU,2022-03-11 00:41:32,68.0546,166.4372,11.14,73,3,2.19
276,Saint George,US,2022-03-11 00:41:32,37.1041,-113.5841,46.99,21,20,24.16
277,Ekibastuz,KZ,2022-03-11 00:41:33,51.6667,75.3667,-2.31,99,90,6.44
278,Coahuayana,MX,2022-03-11 00:41:33,18.7333,-103.6833,71.73,74,14,3.74
279,Mehamn,NO,2022-03-11 00:41:33,71.0357,27.8492,38.46,89,100,37.33
280,Itarema,BR,2022-03-11 00:41:34,-2.9248,-39.9167,77.54,89,98,7.92
281,Palmer,US,2022-03-11 00:41:34,42.1584,-72.3287,38.75,76,75,4.61
282,Vanimo,PG,2022-03-11 00:41:35,-2.6741,141.3028,85.1,64,100,1.05
283,Batagay-Alyta,RU,2022-03-11 00:41:35,67.8006,130.4114,-1.79,95,100,3.18
284,Tibu,CO,2022-03-11 00:41:36,8.639,-72.7358,76.91,82,55,0.11
285,Pathein,MM,2022-03-11 00:41:36,16.7833,94.7333,78.8,68,75,6.29
286,Surt,LY,2022-03-11 00:41:37,31.2089,16.5887,53.71,58,97,1.32
287,Gweta,BW,2022-03-11 00:41:37,-20.1833,25.2333,71.47,47,91,8.32
288,Korla,CN,2022-03-11 00:41:38,41.7597,86.1469,47.35,26,100,7.38
289,Baruun-Urt,MN,2022-03-11 00:41:38,46.6806,113.2792,26.53,38,29,7.18
290,Malanje,AO,2022-03-11 00:41:38,-9.5402,16.341,65.43,97,100,3.51
291,Narsaq,GL,2022-03-11 00:41:39,60.9167,-46.05,3.42,80,1,6.22
292,Maketu,NZ,2022-03-11 00:41:39,-37.7667,176.45,72.61,37,7,5.82
293,Shache,CN,2022-03-11 00:41:40,38.4167,77.2406,45.72,26,13,3.27
294,Serebryansk,KZ,2022-03-11 00:41:40,49.6925,83.2892,2.19,98,90,2.3
295,Halifax,CA,2022-03-11 00:40:01,44.6453,-63.5724,35.6,93,40,11.5
296,Hami,CN,2022-03-11 00:41:41,42.8,93.45,44.2,47,1,11.21
297,Katangli,RU,2022-03-11 00:41:41,51.7102,143.2326,25.86,91,92,14.27
298,Taquaritinga,BR,2022-03-11 00:41:41,-21.4061,-48.5047,72.54,71,55,2.86
299,Asfi,MA,2022-03-11 00:41:42,32.2994,-9.2372,54.84,74,0,5.77
300,Pangody,RU,2022-03-11 00:41:42,65.85,74.4859,-12.01,100,99,8.37
301,Marawi,PH,2022-03-11 00:41:43,7.9986,124.2928,78.26,76,19,1.07
302,Chimala,TZ,2022-03-11 00:41:43,-8.85,34.0167,66.11,93,100,3.56
303,Alihe,CN,2022-03-11 00:41:44,50.5667,123.7167,23.41,52,48,12.62
304,Yeppoon,AU,2022-03-11 00:41:44,-23.1333,150.7333,82.18,74,35,13.76
305,Xique-Xique,BR,2022-03-11 00:41:44,-10.8218,-42.7263,79.81,65,22,11.54
306,Marmande,FR,2022-03-11 00:41:45,44.5,0.1667,53.76,86,100,16.04
307,Ginda,IN,2022-03-11 00:41:45,30.6945,78.4932,47.16,27,0,8.99
308,Hasaki,JP,2022-03-11 00:41:46,35.7333,140.8333,55.29,69,81,15.14
309,Broome,US,2022-03-11 00:41:46,42.2506,-75.833,39.0,68,0,3.44
310,Grand Gaube,MU,2022-03-11 00:41:46,-20.0064,57.6608,79.2,88,4,1.01
311,Fredericksburg,US,2022-03-11 00:38:18,38.3032,-77.4605,49.01,63,100,3.44
312,Mana,GF,2022-03-11 00:41:47,5.6592,-53.7767,76.41,89,84,9.06
313,Tiarei,PF,2022-03-11 00:41:47,-17.5333,-149.3333,86.02,70,25,10.11
314,Dumka,IN,2022-03-11 00:41:48,24.2667,87.25,69.3,23,0,5.55
315,Iqaluit,CA,2022-03-11 00:41:48,63.7506,-68.5145,-13.27,83,40,4.61
316,Hohhot,CN,2022-03-11 00:41:49,40.8106,111.6522,48.49,25,20,13.42
317,Mecca,SA,2022-03-11 00:41:49,21.4267,39.8261,71.83,85,25,4.27
318,Bowen,AU,2022-03-11 00:41:49,-20.0167,148.2333,84.24,74,99,6.17
319,Pangnirtung,CA,2022-03-11 00:41:50,66.1451,-65.7125,-9.98,99,100,1.28
320,Nantucket,US,2022-03-11 00:37:16,41.2835,-70.0995,39.31,87,0,5.75
321,Dong Hoi,VN,2022-03-11 00:41:50,17.4833,106.6,70.9,89,100,3.4
322,Guozhen,CN,2022-03-11 00:41:51,34.3659,107.359,62.2,60,0,2.73
323,Opuwo,NA,2022-03-11 00:41:51,-18.0607,13.84,72.72,56,53,2.53
324,Teahupoo,PF,2022-03-11 00:41:52,-17.8333,-149.2667,80.56,71,37,10.89
325,Juan Aldama,MX,2022-03-11 00:41:52,24.2908,-103.3944,62.73,9,0,16.44
326,Shitanjing,CN,2022-03-11 00:41:52,39.2342,106.3439,50.94,40,75,2.95
327,Havoysund,NO,2022-03-11 00:41:53,70.9963,24.6622,39.51,84,95,35.86
328,Salalah,OM,2022-03-11 00:37:25,17.0151,54.0924,71.69,43,0,4.61
329,Chotesov,CZ,2022-03-11 00:41:53,49.6541,13.2027,32.25,59,0,11.5
330,Elizabeth City,US,2022-03-11 00:37:11,36.2946,-76.2511,45.01,93,100,8.05
331,Okhotsk,RU,2022-03-11 00:41:54,59.3833,143.3,23.59,90,100,3.22
332,Wawina,HN,2022-03-11 00:41:54,15.4167,-84.4333,76.62,76,0,7.63
333,Caravelas,BR,2022-03-11 00:41:55,-17.7125,-39.2481,76.19,84,0,4.32
334,Souillac,MU,2022-03-11 00:41:55,-20.5167,57.5167,79.18,89,40,4.61
335,Bar Harbor,US,2022-03-11 00:41:56,44.3876,-68.2039,38.01,80,0,5.75
336,Agboville,CI,2022-03-11 00:41:56,5.928,-4.2132,77.81,89,96,3.24
337,Tikrit,IQ,2022-03-11 00:39:12,34.6071,43.6782,57.2,58,97,14.56
338,Ilulissat,GL,2022-03-11 00:41:57,69.2167,-51.1,-10.32,95,100,5.37
339,Puerto Baquerizo Moreno,EC,2022-03-11 00:41:57,-0.9,-89.6,79.41,75,89,2.68
340,Noumea,NC,2022-03-11 00:41:57,-22.2763,166.4572,85.98,99,18,8.77
341,Saint Paul,US,2022-03-11 00:41:58,44.9444,-93.0933,25.36,49,0,13.8
342,Atar,MR,2022-03-11 00:41:58,20.5169,-13.0499,69.67,13,0,9.17
343,Necochea,AR,2022-03-11 00:41:59,-38.5473,-58.7368,60.82,66,51,10.49
344,Boa Vista,BR,2022-03-11 00:41:59,2.8197,-60.6733,82.38,65,40,4.61
345,Beyneu,KZ,2022-03-11 00:41:59,45.3167,55.2,42.19,93,100,4.59
346,Verkhnevilyuysk,RU,2022-03-11 00:42:00,63.4453,120.3167,4.59,90,100,7.09
347,Khani,GE,2022-03-11 00:42:00,41.9563,42.9566,29.77,97,100,1.68
348,Bengkulu,ID,2022-03-11 00:42:00,-3.8004,102.2655,78.31,84,99,3.44
349,Dhidhdhoo,MV,2022-03-11 00:37:02,6.8833,73.1,82.45,70,1,5.08
350,Xichang,CN,2022-03-11 00:42:01,27.8964,102.2634,58.91,47,0,1.23
351,Antsohihy,MG,2022-03-11 00:42:01,-14.8796,47.9875,73.69,98,96,3.87
352,Kharp,RU,2022-03-11 00:42:02,66.8014,65.8081,0.77,91,100,5.1
353,Shahr-E Babak,IR,2022-03-11 00:42:02,30.1165,55.1186,57.69,38,59,14.47
354,Padang,ID,2022-03-11 00:42:03,-0.9492,100.3543,75.25,82,78,3.44
355,Rocha,UY,2022-03-11 00:42:03,-34.4833,-54.3333,61.32,65,100,8.16
356,Flinders,AU,2022-03-11 00:40:51,-34.5833,150.8552,74.05,61,13,4.0
357,Ventspils,LV,2022-03-11 00:41:52,57.3894,21.5606,22.93,80,0,2.3
358,Ejura,GH,2022-03-11 00:42:04,7.3856,-1.3562,80.67,67,96,8.48
359,Kedrovyy,RU,2022-03-11 00:42:04,56.1667,91.8167,-10.79,99,100,2.8
360,Sassandra,CI,2022-03-11 00:42:05,4.95,-6.0833,79.86,89,100,7.27
361,Fort Frances,CA,2022-03-11 00:37:26,48.5999,-93.4003,14.22,52,100,9.22
362,Aliwal North,ZA,2022-03-11 00:42:05,-30.6937,26.7114,62.71,63,0,5.73
363,Camacha,PT,2022-03-11 00:42:06,33.0833,-16.3333,60.22,88,20,9.22
364,Villa Maria,AR,2022-03-11 00:40:19,-32.4075,-63.2402,56.82,81,0,7.7
365,Bogorodskoye,RU,2022-03-11 00:42:07,56.55,37.8833,9.3,98,98,2.42
366,Luderitz,NA,2022-03-11 00:42:07,-26.6481,15.1594,70.09,74,5,1.63
367,Grindavik,IS,2022-03-11 00:42:07,63.8424,-22.4338,45.07,93,75,20.71
368,Komsomolskiy,UZ,2022-03-11 00:42:08,40.4272,71.7189,48.92,81,77,2.3
369,Caninde,BR,2022-03-11 00:42:08,-4.3589,-39.3117,75.38,83,100,3.2
370,Ndele,CF,2022-03-11 00:42:08,8.4109,20.6473,76.55,43,100,3.91
371,New Lucena,PH,2022-03-11 00:42:09,10.8777,122.5967,83.64,73,24,9.62
372,Yekaterinoslavka,RU,2022-03-11 00:42:09,50.3734,129.1139,22.59,92,100,13.85
373,Yamada,JP,2022-03-11 00:42:10,39.4667,141.95,47.91,55,100,8.61
374,Ewa Beach,US,2022-03-11 00:42:10,21.3156,-158.0072,85.37,59,75,9.22
375,Pobe,BJ,2022-03-11 00:42:10,6.9801,2.6649,80.64,81,73,5.55
376,Ostrovnoy,RU,2022-03-11 00:42:11,68.0531,39.5131,29.46,96,100,16.84
377,Suntar,RU,2022-03-11 00:42:11,62.1444,117.6319,-3.42,86,100,2.42
378,Yuancheng,CN,2022-03-11 00:42:12,36.652,107.7896,53.28,62,100,3.2
379,Asau,RO,2022-03-11 00:42:12,46.4333,26.4,20.32,87,98,8.68
380,Bucak,TR,2022-03-11 00:42:12,37.4592,30.595,27.12,73,100,13.89
381,Fairview,US,2022-03-11 00:42:13,40.8126,-73.999,44.94,64,0,9.22
382,Hermiston,US,2022-03-11 00:38:04,45.8404,-119.2895,50.14,28,0,5.75
383,Bonavista,CA,2022-03-11 00:42:13,48.6499,-53.1147,28.96,79,69,18.19
384,Lagoa,PT,2022-03-11 00:42:14,39.05,-27.9833,57.0,60,100,20.31
385,Lusambo,CD,2022-03-11 00:42:14,-4.9667,23.45,70.39,98,100,1.59
386,Guane,CU,2022-03-11 00:42:15,22.2025,-84.0875,75.58,87,94,6.89
387,Dicamay,PH,2022-03-11 00:42:15,16.7561,122.0037,71.98,96,100,0.6
388,Port Hedland,AU,2022-03-11 00:42:15,-20.3167,118.5667,91.45,52,9,6.91
389,Deep River,CA,2022-03-11 00:42:16,46.1001,-77.4995,29.95,86,100,5.79
390,Casa Grande,US,2022-03-11 00:42:06,32.8795,-111.7573,70.02,24,75,21.85
391,Hamilton,US,2022-03-11 00:42:16,39.1834,-84.5333,47.25,59,0,8.05
392,Haines Junction,CA,2022-03-11 00:42:17,60.7522,-137.5108,33.75,55,100,3.44
393,Simpelveld,NL,2022-03-11 00:42:17,50.8342,5.9819,46.81,56,0,6.91
394,Kismayo,SO,2022-03-11 00:42:18,-0.3582,42.5454,77.77,80,31,15.01
395,Syracuse,IT,2022-03-11 00:41:05,37.0881,15.2792,45.99,73,6,7.7
396,Tuatapere,NZ,2022-03-11 00:42:18,-46.1333,167.6833,67.8,63,100,6.76
397,Monrovia,LR,2022-03-11 00:42:18,6.3005,-10.7969,79.48,92,34,6.06
398,Atambua,ID,2022-03-11 00:42:19,-9.1061,124.8925,80.96,72,58,1.3
399,Sabaudia,IT,2022-03-11 00:42:19,41.3003,13.0282,51.78,61,11,9.55
400,Inirida,CO,2022-03-11 00:42:20,3.8653,-67.9239,77.76,85,88,2.82
401,Lulea,SE,2022-03-11 00:42:20,65.5842,22.1547,28.47,80,75,1.14
402,Port Macquarie,AU,2022-03-11 00:42:21,-31.4333,152.9167,71.89,58,69,8.25
403,Buala,SB,2022-03-11 00:42:21,-8.145,159.5921,84.58,74,59,4.12
404,Paamiut,GL,2022-03-11 00:42:21,61.994,-49.6678,-1.62,92,60,12.46
405,Hashima,JP,2022-03-11 00:42:22,35.3158,136.6985,53.15,41,38,1.25
406,Bolivar,US,2022-03-11 00:42:22,37.6145,-93.4105,42.35,82,100,14.79
407,Kanniyakumari,IN,2022-03-11 00:42:23,8.0833,77.5667,77.74,75,65,12.55
408,High Rock,BS,2022-03-11 00:42:23,26.6208,-78.2833,78.82,85,10,9.55
409,Batticaloa,LK,2022-03-11 00:42:23,7.7102,81.6924,78.49,79,100,4.43
410,Kysyl-Syr,RU,2022-03-11 00:42:24,63.8986,122.7617,-8.95,98,100,2.15
411,Sinnamary,GF,2022-03-11 00:42:24,5.3833,-52.95,76.77,86,100,8.59
412,Bretigny-Sur-Orge,FR,2022-03-11 00:42:24,48.6114,2.3059,50.02,78,0,4.61
413,Itoman,JP,2022-03-11 00:42:25,26.1247,127.6694,69.82,56,75,10.36
414,Port Keats,AU,2022-03-11 00:42:26,-14.25,129.55,88.84,68,24,2.42
415,Mineros,BO,2022-03-11 00:42:26,-17.1167,-63.2333,73.31,91,99,2.66
416,Merta,IN,2022-03-11 00:42:27,26.65,74.0333,68.32,33,0,5.93
417,Oksfjord,NO,2022-03-11 00:42:27,70.2396,22.3479,42.87,95,100,34.9
418,Port Hardy,CA,2022-03-11 00:42:27,50.6996,-127.4199,39.2,93,100,17.27
419,Karpathos,GR,2022-03-11 00:42:28,35.507,27.2132,44.56,53,51,27.63
420,Byron Bay,AU,2022-03-11 00:39:14,-28.65,153.6167,67.89,90,100,10.89
421,Naze,JP,2022-03-11 00:42:28,28.3667,129.4833,61.72,67,100,8.14
422,Kalemie,CD,2022-03-11 00:42:29,-5.9475,29.1947,71.8,84,100,2.86
423,Dodola,ET,2022-03-11 00:42:29,6.9833,39.1833,51.51,60,100,4.29
424,Dudinka,RU,2022-03-11 00:42:30,69.4058,86.1778,-31.92,100,98,5.91
425,Touros,BR,2022-03-11 00:42:30,-5.1989,-35.4608,81.18,75,100,13.53
426,Mumbwa,ZM,2022-03-11 00:42:30,-14.9783,27.0619,63.0,96,13,4.5
427,Vardo,NO,2022-03-11 00:42:31,70.3705,31.1107,35.65,84,85,26.57
428,Kuching,MY,2022-03-11 00:42:31,1.55,110.3333,77.22,94,20,3.44
429,Kurumkan,RU,2022-03-11 00:42:32,54.3,110.3,0.59,86,29,3.2
430,Catamarca,AR,2022-03-11 00:42:32,-28.4696,-65.7852,70.59,89,62,1.77
431,Port Lincoln,AU,2022-03-11 00:42:32,-34.7333,135.8667,66.96,67,72,10.56
432,Gatehouse Of Fleet,GB,2022-03-11 00:42:33,54.882,-4.1843,45.39,88,100,14.47
433,Santiago Del Estero,AR,2022-03-11 00:42:33,-27.7951,-64.2615,68.59,82,100,5.75
434,Rohatyn,UA,2022-03-11 00:42:34,49.409,24.6093,22.03,51,0,7.25
435,Aguilas,ES,2022-03-11 00:42:34,37.4063,-1.5829,53.17,80,13,2.77
436,Molochnoye,RU,2022-03-11 00:42:34,59.2917,39.6787,13.32,94,100,6.67
437,Bilma,NE,2022-03-11 00:42:35,18.6853,12.9164,67.69,24,0,11.32
438,Beloha,MG,2022-03-11 00:42:35,-25.1667,45.05,74.48,90,25,11.88
439,Kieta,PG,2022-03-11 00:42:36,-6.2167,155.6333,85.69,67,84,5.64
440,Puerto Colombia,CO,2022-03-11 00:42:36,10.9878,-74.9547,80.69,85,3,22.73
441,Poum,NC,2022-03-11 00:42:36,-20.2333,164.0167,82.94,68,26,12.8
442,Nuuk,GL,2022-03-11 00:42:37,64.1835,-51.7216,-11.33,88,17,6.62
443,Lamar,US,2022-03-11 00:42:37,33.6668,-95.5836,60.71,39,0,6.91
444,Los Llanos De Aridane,ES,2022-03-11 00:42:38,28.6585,-17.9182,58.75,82,0,6.91
445,Kulhudhuffushi,MV,2022-03-11 00:42:38,6.6221,73.07,82.35,71,2,5.14
446,Kavieng,PG,2022-03-11 00:42:38,-2.5744,150.7967,83.39,71,99,6.76
447,Murray Bridge,AU,2022-03-11 00:42:39,-35.1167,139.2667,70.83,40,91,4.9
448,Belmonte,BR,2022-03-11 00:42:39,-15.8631,-38.8828,77.76,83,11,6.17
449,Awbari,LY,2022-03-11 00:38:01,26.5921,12.7805,50.76,31,100,7.67
450,The Valley,AI,2022-03-11 00:42:40,18.217,-63.0578,78.94,65,20,18.41
451,Dickinson,US,2022-03-11 00:42:40,29.4608,-95.0513,64.13,76,0,12.66
452,Kaka,TM,2022-03-11 00:42:41,37.3482,59.6143,57.0,59,94,8.57
453,Vaitape,PF,2022-03-11 00:42:41,-16.5167,-151.75,81.23,71,22,10.47
454,Belomorsk,RU,2022-03-11 00:42:41,64.5232,34.7668,33.19,87,100,11.14
455,Banda Aceh,ID,2022-03-11 00:42:42,5.5577,95.3222,79.68,79,100,3.96
456,Maragogi,BR,2022-03-11 00:37:49,-9.0122,-35.2225,79.25,72,82,8.84
457,Kitui,KE,2022-03-11 00:42:42,-1.367,38.0106,60.85,95,80,2.8
458,Petropavlovsk-Kamchatskiy,RU,2022-03-11 00:42:43,53.0452,158.6483,37.99,52,75,15.66
459,Payson,US,2022-03-11 00:42:43,40.0444,-111.7321,30.38,43,40,19.57
460,Chicama,PE,2022-03-11 00:42:44,-7.8447,-79.1469,66.74,72,80,6.2
461,Kenai,US,2022-03-11 00:42:44,60.5544,-151.2583,37.02,93,100,20.71
462,Muros,ES,2022-03-11 00:42:44,42.7762,-9.0603,52.09,91,96,19.44
463,Sorland,NO,2022-03-11 00:42:45,67.667,12.6934,41.88,91,100,14.56
464,Havelock,US,2022-03-11 00:42:45,34.8791,-76.9013,49.95,93,100,1.01
465,Gravelbourg,CA,2022-03-11 00:42:21,49.8834,-106.5512,-3.73,83,74,14.52
466,Deputatskiy,RU,2022-03-11 00:42:46,69.3,139.9,-2.7,94,81,1.54
467,Tornio,FI,2022-03-11 00:42:46,65.8481,24.1466,24.82,98,100,3.78
468,Taoudenni,ML,2022-03-11 00:42:46,22.6783,-3.9836,68.23,14,0,16.64
469,Banswara,IN,2022-03-11 00:42:47,23.55,74.45,73.47,35,0,4.0
470,Birao,CF,2022-03-11 00:42:47,10.2849,22.7882,79.0,14,64,7.72
471,Burg,DE,2022-03-11 00:42:48,51.8333,14.15,30.78,61,18,12.62
472,Pontianak,ID,2022-03-11 00:42:48,-0.0333,109.3333,77.99,88,40,2.3
473,Trairi,BR,2022-03-11 00:39:13,-3.2778,-39.2689,76.62,90,100,6.35
474,Fauresti,RO,2022-03-11 00:42:49,44.5667,24.0167,27.91,87,100,5.06
475,Pierre,US,2022-03-11 00:42:49,44.3683,-100.351,29.32,57,0,21.99
476,Bria,CF,2022-03-11 00:42:50,6.5423,21.9863,77.23,54,100,1.83
477,Chapleau,CA,2022-03-11 00:42:50,47.8405,-83.4034,12.29,67,100,4.61
478,Vangaindrano,MG,2022-03-11 00:42:50,-23.35,47.6,74.75,92,44,0.31
479,Tulun,RU,2022-03-11 00:42:51,54.5611,100.5792,6.17,96,100,5.01
480,Sept-Iles,CA,2022-03-11 00:42:51,50.2001,-66.3821,25.32,46,75,6.91
481,Caconda,AO,2022-03-11 00:42:52,-13.7333,15.0667,60.91,89,82,2.57
482,Tavistock,GB,2022-03-11 00:42:52,50.5494,-4.1442,48.65,90,100,5.01
483,Vojens,DK,2022-03-11 00:42:53,55.2464,9.306,38.77,80,0,10.36
484,Havre-Saint-Pierre,CA,2022-03-11 00:42:53,50.2334,-63.5986,30.2,80,75,20.71
485,Moultrie,US,2022-03-11 00:42:53,31.1799,-83.7891,66.81,94,75,0.0
486,El Sauzal,MX,2022-03-11 00:42:54,31.9,-116.6833,59.41,77,31,5.26
487,Zhezkazgan,KZ,2022-03-11 00:42:54,47.8043,67.7144,24.64,90,100,14.88
488,Nerchinskiy Zavod,RU,2022-03-11 00:42:55,51.3088,119.61,12.34,85,8,3.67
489,Faya,SA,2022-03-11 00:42:55,18.3851,42.4509,62.71,67,100,4.34
490,Senanga,ZM,2022-03-11 00:42:56,-16.1167,23.2667,65.77,94,100,4.45
491,Bathsheba,BB,2022-03-11 00:42:56,13.2167,-59.5167,79.41,78,40,21.85
492,Zyryanka,RU,2022-03-11 00:42:56,65.75,150.85,1.36,92,100,4.34
493,Pavlovka,RU,2022-03-11 00:42:57,52.6897,47.1405,10.33,93,100,16.51
494,Ponta Do Sol,PT,2022-03-11 00:42:57,32.6667,-17.1,66.06,77,87,5.82
495,Beringovskiy,RU,2022-03-11 00:42:58,63.05,179.3167,9.79,74,0,16.02
496,Luanda,AO,2022-03-11 00:42:58,-8.8368,13.2343,79.12,81,100,8.14
497,Yorkton,CA,2022-03-11 00:42:58,51.2167,-102.4677,-0.56,71,0,27.63
498,Kathmandu,NP,2022-03-11 00:39:43,27.7167,85.3167,53.82,94,20,3.44
499,Dulce Nombre De Culmi,HN,2022-03-11 00:42:59,15.1,-85.5333,71.17,56,0,2.71
500,Pochutla,MX,2022-03-11 00:42:59,15.7432,-96.4661,76.5,70,0,5.55
501,Lamu,KE,2022-03-11 00:43:00,-2.2717,40.902,79.02,82,7,9.6
502,Vung Tau,VN,2022-03-11 00:43:00,10.346,107.0843,77.86,78,52,7.2
503,Male,MV,2022-03-11 00:43:01,4.1748,73.5089,80.55,83,20,4.61
504,Portsmouth,GB,2022-03-11 00:41:11,50.799,-1.0913,52.14,89,13,10.0
505,Bay Roberts,CA,2022-03-11 00:39:40,47.5999,-53.2648,30.15,74,14,10.0
506,Kinna,SE,2022-03-11 00:43:01,57.5073,12.6946,32.45,75,2,6.78
507,Kingston,JM,2022-03-11 00:38:06,17.997,-76.7936,79.75,74,20,17.27
508,Pitimbu,BR,2022-03-11 00:39:21,-7.4706,-34.8086,81.19,72,92,11.61
509,Tall Kayf,TR,2022-03-11 00:43:02,37.0833,41.0667,42.53,91,61,4.74
510,Notse,TG,2022-03-11 00:43:02,6.95,1.1667,82.02,76,100,5.95
511,Ilam,NP,2022-03-11 00:43:03,26.9167,87.9167,60.91,46,0,5.35
512,Aitape,PG,2022-03-11 00:43:03,-3.1374,142.3475,85.32,65,28,2.73
513,Xining,CN,2022-03-11 00:43:04,36.6167,101.7667,44.94,29,100,1.72
514,Laguna,US,2022-03-11 00:43:04,38.421,-121.4238,70.09,11,0,25.32
515,Staraya Mayna,RU,2022-03-11 00:43:04,54.6,48.95,5.11,96,36,10.65
516,Helong,CN,2022-03-11 00:43:05,42.5397,128.9972,42.31,36,0,12.35
517,Galle,LK,2022-03-11 00:43:05,6.0367,80.217,78.06,80,8,0.51
518,Samur,RU,2022-03-11 00:43:06,41.8253,48.486,37.92,73,82,6.22
519,Posse,BR,2022-03-11 00:43:06,-14.0931,-46.3694,71.47,73,45,3.22
520,Aykhal,RU,2022-03-11 00:43:07,66.0,111.5,0.9,96,100,3.71
521,Miles City,US,2022-03-11 00:43:07,46.4083,-105.8406,27.57,43,100,32.21
522,Marfino,RU,2022-03-11 00:43:07,55.7028,37.3822,14.34,56,0,2.24
523,Coquimbo,CL,2022-03-11 00:43:08,-29.9533,-71.3436,64.51,77,0,3.49
524,Bairiki,KI,2022-03-11 00:43:08,1.3292,172.9752,78.8,94,75,3.44
525,Kaoma,ZM,2022-03-11 00:43:09,-14.7833,24.8,64.04,99,100,3.98
526,Songkhla,TH,2022-03-11 00:43:09,6.8333,100.6667,81.84,83,100,2.68
527,Phek,IN,2022-03-11 00:43:09,25.6667,94.5,51.01,59,6,1.32
528,Dera Bugti,PK,2022-03-11 00:43:10,29.0307,69.151,70.2,44,0,3.6
529,Vrangel,RU,2022-03-11 00:43:10,42.7297,133.0839,40.59,77,1,8.9
530,Micheweni,TZ,2022-03-11 00:43:11,-4.9667,39.8333,78.96,76,100,4.47
531,Talara,PE,2022-03-11 00:43:11,-4.5772,-81.2719,75.81,80,100,8.37
532,Alofi,NU,2022-03-11 00:43:11,-19.0595,-169.9187,84.09,79,75,9.22
533,Obihiro,JP,2022-03-11 00:43:12,42.9172,143.2044,33.21,94,100,0.69
534,Zharkent,KZ,2022-03-11 00:43:12,44.1628,80.0,40.21,55,81,3.51
535,Pacifica,US,2022-03-11 00:41:57,37.6138,-122.4869,68.27,60,0,18.41
536,Puri,IN,2022-03-11 00:43:13,19.8,85.85,73.92,71,73,5.23
537,Palu,ID,2022-03-11 00:43:13,-0.8917,119.8707,87.28,65,52,0.94
538,Twin Falls,US,2022-03-11 00:41:10,42.3505,-114.6445,28.29,59,0,13.8
539,Karratha,AU,2022-03-11 00:43:14,-20.7377,116.8463,90.9,47,2,6.11
540,Along,IN,2022-03-11 00:43:14,28.1667,94.7667,63.68,58,4,1.48
541,Moose Factory,CA,2022-03-11 00:43:15,51.2585,-80.6094,3.18,51,0,3.44
542,Northam,GB,2022-03-11 00:43:15,51.0333,-4.2167,46.26,92,100,16.73
543,Mill Valley,US,2022-03-11 00:43:15,37.906,-122.545,69.44,53,0,8.48
544,Sayat,TM,2022-03-11 00:43:16,38.7839,63.8803,57.07,70,88,7.18
545,Zabolotiv,UA,2022-03-11 00:43:16,48.4705,25.2857,21.79,62,12,7.29
546,Koumac,NC,2022-03-11 00:43:17,-20.5667,164.2833,86.09,58,10,10.71
547,Upington,ZA,2022-03-11 00:43:17,-28.4478,21.2561,71.98,78,0,3.44
548,Sao Miguel Do Araguaia,BR,2022-03-11 00:43:17,-13.275,-50.1628,74.34,85,10,0.63
549,Cangzhou,CN,2022-03-11 00:43:18,38.3167,116.8667,50.79,63,33,18.45
550,Troitskoye,RU,2022-03-11 00:43:18,52.9821,84.6757,4.24,94,100,5.26
551,Tarboro,US,2022-03-11 00:39:00,35.8968,-77.5358,45.09,93,100,0.0
552,Ust-Tsilma,RU,2022-03-11 00:43:19,65.441,52.1498,10.44,90,100,11.39
553,College,US,2022-03-11 00:43:19,64.8569,-147.8028,22.95,61,100,13.8
554,Pangoa,PE,2022-03-11 00:43:20,-12.1167,-73.0,69.35,95,89,1.61
555,Camacari,BR,2022-03-11 00:43:20,-12.6975,-38.3242,83.97,91,13,4.92
556,Cimarron Hills,US,2022-03-11 00:42:05,38.8586,-104.6989,19.08,72,100,6.91
557,Hollins,US,2022-03-11 00:43:21,37.3413,-79.9431,50.18,69,75,5.75
558,Yabelo,ET,2022-03-11 00:43:21,4.8833,38.0833,62.31,42,34,13.0
559,Peniche,PT,2022-03-11 00:39:34,39.3558,-9.3811,59.29,92,100,22.84
560,Sulangan,PH,2022-03-11 00:43:22,11.1373,123.7228,80.1,84,99,8.79
561,Sebinkarahisar,TR,2022-03-11 00:43:22,40.2883,38.4236,21.34,88,100,3.8
562,Changji,CN,2022-03-11 00:43:23,44.0167,87.3167,38.19,81,0,2.24
563,Chifeng,CN,2022-03-11 00:43:23,42.2683,118.9636,40.14,29,0,0.31
564,Moron,AR,2022-03-11 00:43:23,-34.6534,-58.6198,68.99,69,0,4.47
565,Lorengau,PG,2022-03-11 00:43:24,-2.0226,147.2712,83.95,69,100,3.29
566,Piotrkow Trybunalski,PL,2022-03-11 00:43:24,51.4055,19.7032,22.82,66,0,7.02
567,Mackay,AU,2022-03-11 00:43:25,-21.15,149.2,83.68,78,100,11.5
568,Kristinehamn,SE,2022-03-11 00:43:25,59.3098,14.1081,25.36,93,13,7.78
569,Tiksi,RU,2022-03-11 00:43:25,71.6872,128.8694,-12.42,98,100,3.09
570,Punalur,IN,2022-03-11 00:43:26,9.0,76.9333,70.65,80,10,3.33
571,Talcahuano,CL,2022-03-11 00:43:26,-36.7167,-73.1167,58.82,78,46,12.39
572,Big Spring,US,2022-03-11 00:39:13,32.2504,-101.4787,59.45,28,0,16.11
573,Jibuti,DJ,2022-03-11 00:43:27,11.5,42.5,69.85,74,100,18.21
574,Karasjok,NO,2022-03-11 00:43:27,69.4719,25.5112,35.91,79,100,23.02
575,Kjollefjord,NO,2022-03-11 00:43:28,70.9457,27.3465,38.7,88,100,35.59
576,Malinovskiy,RU,2022-03-11 00:43:28,61.1953,62.8397,-19.03,100,62,3.36
577,Osypenko,UA,2022-03-11 00:43:29,46.9136,36.8253,23.18,65,100,11.21
578,Manicore,BR,2022-03-11 00:43:29,-5.8092,-61.3003,73.24,97,93,2.28
579,Arcos,BR,2022-03-11 00:43:29,-20.2819,-45.5394,69.28,73,18,3.67
580,Zhengjiatun,CN,2022-03-11 00:43:30,43.5064,123.5064,39.25,26,0,15.01
581,Tinskoy,RU,2022-03-11 00:43:30,56.1525,96.9161,-0.98,98,100,1.61
582,Loreto,MX,2022-03-11 00:43:30,22.2667,-101.9667,65.37,15,54,16.15
583,Tongliao,CN,2022-03-11 00:43:31,43.6125,122.2653,39.13,26,0,11.86
584,Akyab,MM,2022-03-11 00:43:31,20.15,92.9,71.37,62,50,5.57
585,Novopokrovka,UA,2022-03-11 00:43:32,49.8425,36.5477,15.76,91,100,14.9
586,Mount Isa,AU,2022-03-11 00:43:32,-20.7333,139.5,92.97,17,6,13.8
587,Hays,US,2022-03-11 00:43:33,30.0502,-98.0336,71.74,62,0,8.05
588,Riyadh,SA,2022-03-11 00:41:01,24.6877,46.7219,80.74,15,100,12.26
589,Fairbanks,US,2022-03-11 00:39:23,64.8378,-147.7164,22.96,60,100,13.8
590,Blackwater,AU,2022-03-11 00:43:33,-23.5833,148.8833,83.62,61,64,10.92
591,Willmar,US,2022-03-11 00:43:34,45.1219,-95.0433,24.75,54,40,13.8
592,Samana,DO,2022-03-11 00:43:34,19.2056,-69.3369,74.98,89,19,9.73
593,Malindi,KE,2022-03-11 00:43:35,-3.2175,40.1191,76.26,82,6,5.86
594,Naryan-Mar,RU,2022-03-11 00:43:35,67.6713,53.087,11.16,92,100,19.53
595,Itagiba,BR,2022-03-11 00:43:35,-14.2836,-39.8428,70.39,98,17,0.98
596,Liku,ID,2022-03-11 00:43:36,-0.7275,119.8922,85.35,67,81,2.21
597,Yekimovichi,RU,2022-03-11 00:43:36,54.1129,33.2965,11.43,92,18,6.87
598,Gargunnock,GB,2022-03-11 00:43:37,56.1244,-4.0828,43.84,88,100,4.34
599,Mandalgovi,MN,2022-03-11 00:43:37,45.7625,106.2708,31.03,44,93,17.49
600,Esmeraldas,BR,2022-03-11 00:43:38,-19.7625,-44.3139,75.51,86,12,5.08
601,Gamba,GA,2022-03-11 00:43:38,-2.65,10.0,79.29,83,100,5.99
602,Berlevag,NO,2022-03-11 00:43:38,70.8578,29.0864,38.25,92,100,35.84
603,Svetlogorsk,BY,2022-03-11 00:43:39,52.6333,29.7333,17.19,72,7,9.82
604,Rajpipla,IN,2022-03-11 00:43:39,21.8667,73.5,76.32,31,0,6.02
605,Portland,US,2022-03-11 00:43:00,45.5234,-122.6762,52.56,38,75,5.75
606,Zhangye,CN,2022-03-11 00:43:40,38.9342,100.4517,44.02,36,100,3.65
607,Magadan,RU,2022-03-11 00:40:12,59.5667,150.8,27.25,69,100,7.07
608,Murashi,RU,2022-03-11 00:43:41,59.3999,48.9615,-8.79,100,75,2.82
609,Kigoma,TZ,2022-03-11 00:43:41,-4.8769,29.6267,73.92,82,100,3.67
610,Del Rio,US,2022-03-11 00:40:08,29.3627,-100.8968,73.8,32,0,13.8
611,San Rafael,AR,2022-03-11 00:42:52,-34.6177,-68.3301,67.41,35,7,7.56
612,Vitim,RU,2022-03-11 00:43:42,59.4511,112.5578,1.78,91,99,7.16
613,Republic,US,2022-03-11 00:43:42,37.12,-93.4802,47.95,64,40,20.71
614,Dubbo,AU,2022-03-11 00:41:29,-32.25,148.6167,73.53,53,40,11.5
615,Japura,ID,2022-03-11 00:40:44,-0.3167,102.35,76.08,94,77,0.83
616,Presidencia Roque Saenz Pena,AR,2022-03-11 00:43:43,-26.7852,-60.4388,68.04,94,100,7.43
617,Ivanjica,RS,2022-03-11 00:43:43,43.5803,20.2311,25.18,97,68,4.27
618,Belaya Gora,RU,2022-03-11 00:43:44,68.5333,146.4167,-8.55,94,100,3.29
619,Emerald,AU,2022-03-11 00:43:44,-23.5333,148.1667,82.54,69,100,9.22
620,Mangan,IN,2022-03-11 00:43:45,27.5167,88.5333,62.08,37,0,7.99
621,Verkhniy Avzyan,RU,2022-03-11 00:43:45,53.5289,57.5372,5.68,88,100,5.97
622,Belem De Sao Francisco,BR,2022-03-11 00:43:46,-8.7539,-38.9658,80.33,58,100,14.58
623,Umm Kaddadah,SD,2022-03-11 00:43:46,13.6017,26.6876,69.57,28,4,25.57
624,Zhigansk,RU,2022-03-11 00:43:46,66.7697,123.3711,-8.95,91,97,2.55
625,Ternuvate,UA,2022-03-11 00:43:47,47.8305,36.1276,17.91,84,100,10.42
626,Broken Hill,AU,2022-03-11 00:43:47,-31.95,141.4333,71.31,33,1,12.66
627,Sheksna,RU,2022-03-11 00:43:48,59.21,38.5107,11.16,96,100,6.35
628,Lavrentiya,RU,2022-03-11 00:43:48,65.5833,-171.0,13.08,68,0,14.61
629,Samarai,PG,2022-03-11 00:43:49,-10.6167,150.6667,84.61,73,92,9.75
630,Reconquista,AR,2022-03-11 00:43:49,-29.15,-59.65,67.19,97,100,5.35
631,Ust-Kuyga,RU,2022-03-11 00:43:49,70.0167,135.6,-4.09,96,100,2.89
632,Guangshui,CN,2022-03-11 00:43:50,31.6199,113.9978,70.03,49,0,2.77
633,Chara,RU,2022-03-11 00:43:50,56.9064,118.2631,6.06,86,100,0.54
634,Lokosovo,RU,2022-03-11 00:43:51,61.1333,74.8167,-23.39,100,84,5.23
635,Vila Franca Do Campo,PT,2022-03-11 00:43:51,37.7167,-25.4333,57.61,69,100,12.39
636,Pimentel,PE,2022-03-11 00:43:51,-6.8367,-79.9342,72.46,80,100,12.66
637,Gravdal,NO,2022-03-11 00:43:52,68.1214,13.5031,40.68,91,100,13.78
638,Kyren,RU,2022-03-11 00:43:52,51.6828,102.1408,16.56,94,100,2.44
639,Karpogory,RU,2022-03-11 00:43:53,64.0019,44.4451,17.73,94,100,9.33
640,Am Timan,TD,2022-03-11 00:43:53,11.0297,20.2827,85.55,16,83,6.04
641,Xunchang,CN,2022-03-11 00:43:54,28.4543,104.715,70.21,59,0,1.43
642,Aleksandrov Gay,RU,2022-03-11 00:43:54,50.147,48.5704,17.74,94,98,12.48
643,Launceston,AU,2022-03-11 00:43:54,-41.45,147.1667,66.61,51,75,6.91
644,Neiafu,TO,2022-03-11 00:43:55,-18.65,-173.9833,83.08,83,75,9.22
645,Waingapu,ID,2022-03-11 00:43:55,-9.6567,120.2641,83.1,79,90,6.4
646,Jumla,NP,2022-03-11 00:43:56,29.2747,82.1838,38.25,60,26,5.57
647,Srivardhan,IN,2022-03-11 00:43:56,18.0333,73.0167,79.74,53,53,3.38
648,Santiago De Cao,PE,2022-03-11 00:43:56,-7.9589,-79.2392,68.13,94,75,9.22
649,Manokwari,ID,2022-03-11 00:41:20,-0.8667,134.0833,82.17,72,99,5.23
650,Mlonggo,ID,2022-03-11 00:43:57,-6.5333,110.7,81.61,78,48,5.01
651,Voh,NC,2022-03-11 00:43:57,-20.9667,164.7,88.25,53,6,12.17
652,Mogwase,ZA,2022-03-11 00:43:58,-25.185,27.2665,71.94,58,100,3.51
653,Libertad,PH,2022-03-11 00:43:58,8.9442,125.5019,82.67,76,89,5.06
654,Mathbaria,BD,2022-03-11 00:43:58,22.2876,89.9593,69.26,38,28,4.21
655,Oum Hadjer,TD,2022-03-11 00:43:59,13.2954,19.6966,80.11,18,50,15.14
656,San Cristobal,VE,2022-03-11 00:43:59,7.7669,-72.225,71.78,94,94,1.86
657,Biryusinsk,RU,2022-03-11 00:44:00,55.9634,97.8235,-2.24,99,100,1.45
658,Abbeville,FR,2022-03-11 00:44:00,50.1,1.8333,44.56,90,11,7.9
659,Vagur,FO,2022-03-11 00:44:00,61.4732,-6.8119,44.35,77,84,28.81
660,Alta Floresta,BR,2022-03-11 00:44:01,-9.8756,-56.0861,71.28,97,97,1.9
661,Ulaanbaatar,MN,2022-03-11 00:44:01,47.9077,106.8832,19.53,58,75,4.47
662,Turukhansk,RU,2022-03-11 00:44:02,65.8167,87.9833,-25.56,99,100,3.51
663,Timra,SE,2022-03-11 00:44:02,62.487,17.3257,31.68,93,100,3.44
664,Sindor,RU,2022-03-11 00:44:03,62.8629,51.8905,1.89,93,16,7.9
665,Ucluelet,CA,2022-03-11 00:44:03,48.9329,-125.5528,41.09,87,100,2.93
666,Kilifi,KE,2022-03-11 00:44:03,-3.6305,39.8499,75.78,83,100,2.24
667,Denpasar,ID,2022-03-11 00:44:04,-8.65,115.2167,81.72,83,20,1.14
668,Jalu,LY,2022-03-11 00:44:04,29.0331,21.5482,49.32,57,7,9.15
669,Nokaneng,BW,2022-03-11 00:44:05,-19.6667,22.2667,69.06,85,98,4.09
670,Tarakan,ID,2022-03-11 00:44:05,3.3,117.6333,80.1,89,75,5.75
671,Vicenza,IT,2022-03-11 00:44:05,45.6667,11.45,46.76,58,58,1.01
672,Idar,DE,2022-03-11 00:44:06,49.7167,7.3,42.94,77,1,6.08
673,Banjar,ID,2022-03-11 00:44:06,-8.19,114.9675,83.03,77,39,4.79
674,Miraflores,MX,2022-03-11 00:44:07,19.2167,-98.8083,72.03,39,0,6.22
675,Binga,ZW,2022-03-11 00:44:07,-17.6203,27.3414,70.32,82,41,3.18
676,Caiaponia,BR,2022-03-11 00:44:08,-16.9567,-51.8103,69.89,84,100,1.01
677,Qandala,SO,2022-03-11 00:44:08,11.472,49.8728,75.15,61,100,6.35
678,Tessalit,ML,2022-03-11 00:44:08,20.1986,1.0114,71.55,20,0,11.1
679,Nishihara,JP,2022-03-11 00:44:09,26.1842,127.7558,69.08,56,75,10.36
680,Toma,BF,2022-03-11 00:44:09,12.7667,-2.8833,82.02,9,9,9.42
681,Sao Joao Da Barra,BR,2022-03-11 00:41:34,-21.6403,-41.0511,78.89,83,42,17.2
682,Nizwa,OM,2022-03-11 00:44:10,22.9333,57.5333,70.93,35,7,1.61
683,Breves,BR,2022-03-11 00:44:10,-1.6822,-50.4803,73.71,97,100,3.24
684,Phitsanulok,TH,2022-03-11 00:44:11,16.9167,100.5,73.51,54,6,3.98
685,Rio Gallegos,AR,2022-03-11 00:44:11,-51.6226,-69.2181,51.85,71,0,11.5
686,Yurga,RU,2022-03-11 00:44:11,55.7231,84.8861,-10.8,98,100,6.4
687,Liepaja,LV,2022-03-11 00:44:12,56.5419,21.0367,26.58,63,0,5.75
688,Vila Do Maio,CV,2022-03-11 00:44:12,15.1333,-23.2167,70.21,77,1,19.82
689,Shelburne,CA,2022-03-11 00:44:13,44.0787,-80.2041,24.91,82,100,5.23
690,Victor Harbor,AU,2022-03-11 00:44:13,-35.5667,138.6167,64.99,72,79,8.99
691,Kovdor,RU,2022-03-11 00:44:13,67.5662,30.4758,25.54,89,38,10.42
692,Baghdad,IQ,2022-03-11 00:40:33,33.3406,44.4009,62.51,45,0,9.22
693,Noto,IT,2022-03-11 00:44:14,36.8901,15.0693,40.19,75,9,3.44
694,Grabs,CH,2022-03-11 00:44:14,47.1825,9.4439,37.96,68,66,1.01
695,Acari,PE,2022-03-11 00:44:15,-15.4311,-74.6158,75.56,72,18,3.44
696,Cockburn Town,TC,2022-03-11 00:44:15,21.4612,-71.1419,77.95,83,0,18.07
697,Amol,IR,2022-03-11 00:44:16,36.4696,52.3507,50.68,91,98,6.62
698,Petauke,ZM,2022-03-11 00:44:16,-14.2426,31.3253,62.51,90,96,4.47
699,Shwebo,MM,2022-03-11 00:44:16,22.5667,95.7,79.65,36,12,1.43
700,Amapa,BR,2022-03-11 00:44:17,1.0,-52.0,71.33,99,100,1.32
701,Calama,CL,2022-03-11 00:44:07,-22.4667,-68.9333,58.35,46,8,4.9
702,Kassala,SD,2022-03-11 00:44:18,15.451,36.4,78.91,59,92,9.82
703,Uyskoye,RU,2022-03-11 00:44:18,54.3775,60.0047,-4.81,99,100,6.33
704,Wilmington Island,US,2022-03-11 00:44:18,32.0036,-80.9737,66.29,72,75,6.91
705,Kaeo,NZ,2022-03-11 00:44:19,-35.1,173.7833,74.32,68,50,9.22
706,Pontes E Lacerda,BR,2022-03-11 00:44:19,-15.2261,-59.3353,69.19,95,35,2.24
707,Channel-Port Aux Basques,CA,2022-03-11 00:44:20,47.5702,-59.1367,32.41,87,29,16.4
708,Airai,TL,2022-03-11 00:44:20,-8.9266,125.4092,71.67,64,15,1.95
709,Westport,US,2022-03-11 00:44:20,41.1415,-73.3579,42.57,69,0,3.44
710,Mizur,RU,2022-03-11 00:44:21,42.8531,44.0531,26.94,96,100,1.99
711,Porto Nacional,BR,2022-03-11 00:44:21,-10.7081,-48.4172,77.0,90,86,1.57
712,Salinas,US,2022-03-11 00:44:21,36.6777,-121.6555,68.99,47,0,10.36
713,Aksarayskiy,RU,2022-03-11 00:44:22,46.7924,48.0119,27.9,88,100,10.29
714,Zaraza,VE,2022-03-11 00:44:22,9.3503,-65.3245,75.61,83,86,8.41
715,Conakry,GN,2022-03-11 00:44:23,9.538,-13.6773,76.89,72,83,6.62
